"14","75968","Temperature - 75968","8/18/2015 3:42:00 PM","77.72","77.7? F","100","25.4","16","106575","False","82","3.08",
"15","75981","Temperature - 75981","8/18/2015 3:42:00 PM","76.64","76.6? F","100","24.8","16","106575","False","100","3.1",
"16","75994","Open / Closed - 75994","8/18/2015 3:42:54 PM","0","Open","100","False","2","106575","False","100","3.12",
"17","75981","Temperature - 75981","8/18/2015 3:44:01 PM","76.64","76.6? F","100","24.8","16","106575","False","100","3.11",
"18","75968","Temperature - 75968","8/18/2015 3:44:02 PM","77.9","77.9? F","100","25.5","16","106575","False","96","3.08",
"19","75994","Open / Closed - 75994","8/18/2015 3:44:54 PM","0","Open","100","False","2","106575","False","100","3.12",
"20","75968","Temperature - 75968","8/18/2015 3:46:00 PM","77.9","77.9? F","100","25.5","16","106575","False","92","3.1",
"21","75981","Temperature - 75981","8/18/2015 3:46:01 PM","76.64","76.6? F","100","24.8","16","106575","False","97","3.1",
"22","75994","Open / Closed - 75994","8/18/2015 3:46:54 PM","0","Open","100","False","2","106575","False","100","3.12",
"23","75968","Temperature - 75968","8/18/2015 3:47:59 PM","78.08","78.1? F","100","25.6","16","106575","False","92","3.09",
"24","75981","Temperature - 75981","8/18/2015 3:48:00 PM","76.64","76.6? F","100","24.8","16","106575","False","93","3.09",
"25","75994","Open / Closed - 75994","8/18/2015 3:48:54 PM","0","Open","100","False","2","106575","False","100","3.12",
"26","75981","Temperature - 75981","8/18/2015 3:49:59 PM","76.64","76.6? F","100","24.8","16","106575","False","100","3.1",
"27","75968","Temperature - 75968","8/18/2015 3:50:01 PM","78.08","78.1? F","100","25.6","16","106575","False","96","3.09",
"28","75994","Open / Closed - 75994","8/18/2015 3:50:54 PM","0","Open","100","False","2","106575","False","100","3.12",
"29","75994","Open / Closed - 75994","8/18/2015 3:51:40 PM","1","Closed","100","True","0","106575","False","86","3.12",
"30","75994","Open / Closed - 75994","8/18/2015 3:51:41 PM","0","Open","100","False","2","106575","False","85","3.12",
"31","75994","Open / Closed - 75994","8/18/2015 3:51:42 PM","1","Closed","100","True","0","106575","False","85","3.12",
"32","75981","Temperature - 75981","8/18/2015 3:52:02 PM","76.82","76.8? F","100","24.9","16","106575","False","100","3.1",
"33","75968","Temperature - 75968","8/18/2015 3:52:02 PM","78.08","78.1? F","100","25.6","16","106575","False","93","3.09",
"34","75994","Open / Closed - 75994","8/18/2015 3:52:06 PM","0","Open","100","False","2","106575","False","100","3.12",
"35","75994","Open / Closed - 75994","8/18/2015 3:52:07 PM","1","Closed","100","True","0","106575","False","100","3.12",
"36","75981","Temperature - 75981","8/18/2015 3:54:02 PM","76.82","76.8? F","100","24.9","16","106575","False","100","3.1",
"37","75968","Temperature - 75968","8/18/2015 3:54:02 PM","78.26","78.3? F","100","25.7","16","106575","False","93","3.09",
"38","75994","Open / Closed - 75994","8/18/2015 3:54:08 PM","1","Closed","100","True","0","106575","False","100","3.12",
"39","75981","Temperature - 75981","8/18/2015 3:55:59 PM","76.82","76.8? F","100","24.9","16","106575","False","100","3.1",
"40","75968","Temperature - 75968","8/18/2015 3:56:01 PM","78.26","78.3? F","100","25.7","16","106575","False","94","3.09",
"41","75994","Open / Closed - 75994","8/18/2015 3:56:08 PM","1","Closed","100","True","0","106575","False","100","3.11",
"42","75968","Temperature - 75968","8/18/2015 3:58:01 PM","78.26","78.3? F","100","25.7","16","106575","False","94","3.09",
"43","75981","Temperature - 75981","8/18/2015 3:58:02 PM","77","77? F","100","25","16","106575","False","100","3.09",
"44","75994","Open / Closed - 75994","8/18/2015 3:58:08 PM","1","Closed","100","True","0","106575","False","100","3.12",
"45","75981","Temperature - 75981","8/18/2015 4:00:01 PM","77","77? F","100","25","16","106575","False","96","3.1",
"46","75968","Temperature - 75968","8/18/2015 4:00:01 PM","78.44","78.4? F","100","25.8","16","106575","False","93","3.08",
"47","75994","Open / Closed - 75994","8/18/2015 4:00:09 PM","1","Closed","100","True","0","106575","False","100","3.11",
"48","75994","Open / Closed - 75994","8/18/2015 4:00:12 PM","0","Open","100","False","2","106575","False","100","3.12",
"49","75994","Open / Closed - 75994","8/18/2015 4:00:13 PM","1","Closed","100","True","0","106575","False","97","3.13",
"50","75994","Open / Closed - 75994","8/18/2015 4:01:10 PM","0","Open","100","False","2","106575","False","100","3.11",
"51","75968","Temperature - 75968","8/18/2015 4:01:59 PM","78.44","78.4? F","100","25.8","16","106575","False","93","3.09",
"52","75981","Temperature - 75981","8/18/2015 4:02:02 PM","77","77? F","100","25","16","106575","False","98","3.1",
"53","75994","Open / Closed - 75994","8/18/2015 4:03:11 PM","0","Open","100","False","2","106575","False","100","3.11",
"54","75968","Temperature - 75968","8/18/2015 4:04:01 PM","78.62","78.6? F","100","25.9","16","106575","False","96","3.09",
"55","75981","Temperature - 75981","8/18/2015 4:04:02 PM","77","77? F","100","25","16","106575","False","100","3.11",
"56","75994","Open / Closed - 75994","8/18/2015 4:05:11 PM","0","Open","100","False","2","106575","False","100","3.11",
"57","75968","Temperature - 75968","8/18/2015 4:06:02 PM","78.62","78.6? F","100","25.9","16","106575","False","89","3.08",
"58","75981","Temperature - 75981","8/18/2015 4:06:02 PM","77","77? F","100","25","16","106575","False","98","3.1",
"59","75994","Open / Closed - 75994","8/18/2015 4:07:11 PM","0","Open","100","False","2","106575","False","100","3.11",
"60","75968","Temperature - 75968","8/18/2015 4:07:59 PM","78.62","78.6? F","100","25.9","16","106575","False","86","3.08",
"61","75981","Temperature - 75981","8/18/2015 4:07:59 PM","77","77? F","100","25","16","106575","False","98","3.1",
"62","75994","Open / Closed - 75994","8/18/2015 4:09:11 PM","0","Open","100","False","2","106575","False","100","3.12",
"63","75968","Temperature - 75968","8/18/2015 4:10:01 PM","78.62","78.6? F","100","25.9","16","106575","False","89","3.08",
"64","75981","Temperature - 75981","8/18/2015 4:10:01 PM","77","77? F","100","25","16","106575","False","84","3.1",
"65","75994","Open / Closed - 75994","8/18/2015 4:11:11 PM","0","Open","100","False","2","106575","False","100","3.12",
"66","75981","Temperature - 75981","8/18/2015 4:12:00 PM","77","77? F","100","25","16","106575","False","100","3.1",
"67","75968","Temperature - 75968","8/18/2015 4:12:01 PM","78.62","78.6? F","100","25.9","16","106575","False","88","3.09",
"68","75994","Open / Closed - 75994","8/18/2015 4:13:11 PM","0","Open","100","False","2","106575","False","100","3.12",
"69","75968","Temperature - 75968","8/18/2015 4:14:00 PM","78.62","78.6? F","100","25.9","16","106575","False","92","3.09",
"70","75981","Temperature - 75981","8/18/2015 4:14:02 PM","77","77? F","100","25","16","106575","False","96","3.11",
"71","75994","Open / Closed - 75994","8/18/2015 4:15:11 PM","0","Open","100","False","2","106575","False","100","3.11",
"72","75968","Temperature - 75968","8/18/2015 4:15:59 PM","78.62","78.6? F","100","25.9","16","106575","False","94","3.07",
"73","75981","Temperature - 75981","8/18/2015 4:16:00 PM","77","77? F","100","25","16","106575","False","94","3.1",
"74","75994","Open / Closed - 75994","8/18/2015 4:17:11 PM","0","Open","100","False","2","106575","False","96","3.12",
"75","75981","Temperature - 75981","8/18/2015 4:17:59 PM","77","77? F","100","25","16","106575","False","94","3.11",
"76","75968","Temperature - 75968","8/18/2015 4:17:59 PM","78.62","78.6? F","100","25.9","16","106575","False","96","3.09",
"77","75994","Open / Closed - 75994","8/18/2015 4:19:11 PM","0","Open","100","False","2","106575","False","96","3.11",
"78","75981","Temperature - 75981","8/18/2015 4:19:59 PM","77","77? F","100","25","16","106575","False","96","3.1",
"79","75968","Temperature - 75968","8/18/2015 4:20:02 PM","78.62","78.6? F","100","25.9","16","106575","False","94","3.08",
"80","75994","Open / Closed - 75994","8/18/2015 4:21:11 PM","0","Open","100","False","2","106575","False","100","3.12",
"81","75968","Temperature - 75968","8/18/2015 4:22:00 PM","78.44","78.4? F","100","25.8","16","106575","False","93","3.08",
"82","75981","Temperature - 75981","8/18/2015 4:22:02 PM","77","77? F","100","25","16","106575","False","100","3.1",
"83","75994","Open / Closed - 75994","8/18/2015 4:23:11 PM","0","Open","100","False","2","106575","False","100","3.11",
"84","75981","Temperature - 75981","8/18/2015 4:24:00 PM","77","77? F","100","25","16","106575","False","94","3.1",
"85","75968","Temperature - 75968","8/18/2015 4:24:02 PM","78.62","78.6? F","100","25.9","16","106575","False","94","3.09",
"86","75994","Open / Closed - 75994","8/18/2015 4:25:12 PM","0","Open","100","False","2","106575","False","100","3.11",
"87","75981","Temperature - 75981","8/18/2015 4:25:59 PM","76.82","76.8? F","100","24.9","16","106575","False","96","3.11",
"88","75968","Temperature - 75968","8/18/2015 4:26:00 PM","78.44","78.4? F","100","25.8","16","106575","False","93","3.08",
"89","75994","Open / Closed - 75994","8/18/2015 4:27:12 PM","0","Open","100","False","2","106575","False","100","3.12",
"90","75981","Temperature - 75981","8/18/2015 4:28:01 PM","77","77? F","100","25","16","106575","False","96","3.1",
"91","75968","Temperature - 75968","8/18/2015 4:28:02 PM","78.44","78.4? F","100","25.8","16","106575","False","94","3.08",
"92","75994","Open / Closed - 75994","8/18/2015 4:29:12 PM","0","Open","100","False","2","106575","False","100","3.11",
"93","75968","Temperature - 75968","8/18/2015 4:30:00 PM","78.44","78.4? F","100","25.8","16","106575","False","94","3.09",
"94","75981","Temperature - 75981","8/18/2015 4:30:02 PM","76.82","76.8? F","100","24.9","16","106575","False","100","3.12",
"95","75994","Open / Closed - 75994","8/18/2015 4:31:12 PM","0","Open","100","False","2","106575","False","100","3.12",
"96","75968","Temperature - 75968","8/18/2015 4:31:59 PM","78.44","78.4? F","100","25.8","16","106575","False","93","3.09",
"97","75981","Temperature - 75981","8/18/2015 4:32:00 PM","76.82","76.8? F","100","24.9","16","106575","False","100","3.1",
"98","75994","Open / Closed - 75994","8/18/2015 4:33:12 PM","0","Open","100","False","2","106575","False","96","3.11",
"99","75968","Temperature - 75968","8/18/2015 4:34:01 PM","78.44","78.4? F","100","25.8","16","106575","False","92","3.09",
"100","75981","Temperature - 75981","8/18/2015 4:34:02 PM","76.82","76.8? F","100","24.9","16","106575","False","100","3.09",
"101","75994","Open / Closed - 75994","8/18/2015 4:35:12 PM","0","Open","100","False","2","106575","False","97","3.12",
"102","75981","Temperature - 75981","8/18/2015 4:35:59 PM","76.82","76.8? F","100","24.9","16","106575","False","100","3.11",
"103","75968","Temperature - 75968","8/18/2015 4:36:00 PM","78.26","78.3? F","100","25.7","16","106575","False","92","3.09",
"104","75994","Open / Closed - 75994","8/18/2015 4:37:12 PM","0","Open","100","False","2","106575","False","97","3.11",
"105","75981","Temperature - 75981","8/18/2015 4:38:01 PM","76.64","76.6? F","100","24.8","16","106575","False","100","3.1",
"106","75968","Temperature - 75968","8/18/2015 4:38:01 PM","78.26","78.3? F","100","25.7","16","106575","False","92","3.08",
"107","75994","Open / Closed - 75994","8/18/2015 4:39:12 PM","0","Open","100","False","2","106575","False","97","3.11",
"108","75968","Temperature - 75968","8/18/2015 4:40:01 PM","78.26","78.3? F","100","25.7","16","106575","False","92","3.1",
"109","75981","Temperature - 75981","8/18/2015 4:40:02 PM","76.64","76.6? F","100","24.8","16","106575","False","100","3.11",
"110","75994","Open / Closed - 75994","8/18/2015 4:41:12 PM","0","Open","100","False","2","106575","False","97","3.12",
"111","75968","Temperature - 75968","8/18/2015 4:42:00 PM","78.26","78.3? F","100","25.7","16","106575","False","92","3.09",
"112","75981","Temperature - 75981","8/18/2015 4:42:01 PM","76.82","76.8? F","100","24.9","16","106575","False","100","3.1",
"113","75994","Open / Closed - 75994","8/18/2015 4:43:12 PM","0","Open","100","False","2","106575","False","97","3.11",
"114","75968","Temperature - 75968","8/18/2015 4:43:59 PM","78.08","78.1? F","100","25.6","16","106575","False","92","3.09",
"115","75981","Temperature - 75981","8/18/2015 4:44:00 PM","76.82","76.8? F","100","24.9","16","106575","False","100","3.11",
"116","75994","Open / Closed - 75994","8/18/2015 4:45:12 PM","0","Open","100","False","2","106575","False","100","3.12",
"117","75968","Temperature - 75968","8/18/2015 4:45:59 PM","78.08","78.1? F","100","25.6","16","106575","False","92","3.08",
"118","75981","Temperature - 75981","8/18/2015 4:46:01 PM","76.64","76.6? F","100","24.8","16","106575","False","100","3.11",
"119","75994","Open / Closed - 75994","8/18/2015 4:47:12 PM","0","Open","100","False","2","106575","False","100","3.12",
"120","75968","Temperature - 75968","8/18/2015 4:47:59 PM","78.08","78.1? F","100","25.6","16","106575","False","94","3.09",
"121","75981","Temperature - 75981","8/18/2015 4:47:59 PM","76.64","76.6? F","100","24.8","16","106575","False","100","3.1",
"122","75994","Open / Closed - 75994","8/18/2015 4:49:12 PM","0","Open","100","False","2","106575","False","100","3.12",
"123","75981","Temperature - 75981","8/18/2015 4:49:59 PM","76.64","76.6? F","100","24.8","16","106575","False","100","3.1",
"124","75968","Temperature - 75968","8/18/2015 4:50:02 PM","78.08","78.1? F","100","25.6","16","106575","False","94","3.08",
"125","75994","Open / Closed - 75994","8/18/2015 4:51:12 PM","0","Open","100","False","2","106575","False","100","3.11",
"126","75968","Temperature - 75968","8/18/2015 4:52:02 PM","78.08","78.1? F","100","25.6","16","106575","False","92","3.08",
"127","75981","Temperature - 75981","8/18/2015 4:52:02 PM","76.64","76.6? F","100","24.8","16","106575","False","100","3.1",
"128","75994","Open / Closed - 75994","8/18/2015 4:53:12 PM","0","Open","100","False","2","106575","False","100","3.11",
"129","75968","Temperature - 75968","8/18/2015 4:54:02 PM","78.08","78.1? F","100","25.6","16","106575","False","93","3.08",
"130","75981","Temperature - 75981","8/18/2015 4:54:02 PM","77.54","77.5? F","100","25.3","16","106575","False","100","3.11",
"131","75994","Open / Closed - 75994","8/18/2015 4:55:12 PM","0","Open","100","False","2","106575","False","100","3.12",
"132","75981","Temperature - 75981","8/18/2015 4:55:59 PM","77.54","77.5? F","100","25.3","16","106575","False","100","3.1",
"133","75968","Temperature - 75968","8/18/2015 4:56:02 PM","78.44","78.4? F","100","25.8","16","106575","False","94","3.1",
"134","75994","Open / Closed - 75994","8/18/2015 4:57:12 PM","0","Open","100","False","2","106575","False","100","3.13",
"135","75981","Temperature - 75981","8/18/2015 4:58:01 PM","77.36","77.4? F","100","25.2","16","106575","False","100","3.11",
"136","75968","Temperature - 75968","8/18/2015 4:58:02 PM","78.62","78.6? F","100","25.9","16","106575","False","94","3.11",
"137","75994","Open / Closed - 75994","8/18/2015 4:59:12 PM","0","Open","100","False","2","106575","False","100","3.12",
"138","75968","Temperature - 75968","8/18/2015 5:00:02 PM","78.44","78.4? F","100","25.8","16","106575","False","94","3.08",
"139","75981","Temperature - 75981","8/18/2015 5:00:02 PM","77.18","77.2? F","100","25.1","16","106575","False","100","3.1",
"140","75994","Open / Closed - 75994","8/18/2015 5:01:12 PM","0","Open","100","False","2","106575","False","100","3.12",
"141","75968","Temperature - 75968","8/18/2015 5:01:59 PM","78.44","78.4? F","100","25.8","16","106575","False","96","3.08",
"142","75981","Temperature - 75981","8/18/2015 5:02:01 PM","77","77? F","100","25","16","106575","False","100","3.11",
"143","75994","Open / Closed - 75994","8/18/2015 5:03:12 PM","0","Open","100","False","2","106575","False","100","3.12",
"144","75981","Temperature - 75981","8/18/2015 5:03:59 PM","77","77? F","100","25","16","106575","False","100","3.1",
"145","75968","Temperature - 75968","8/18/2015 5:04:02 PM","78.26","78.3? F","100","25.7","16","106575","False","96","3.09",
"146","75994","Open / Closed - 75994","8/18/2015 5:05:13 PM","0","Open","100","False","2","106575","False","100","3.11",
"147","75968","Temperature - 75968","8/18/2015 5:06:01 PM","78.26","78.3? F","100","25.7","16","106575","False","97","3.09",
"148","75981","Temperature - 75981","8/18/2015 5:06:01 PM","77","77? F","100","25","16","106575","False","100","3.09",
"149","75994","Open / Closed - 75994","8/18/2015 5:07:13 PM","0","Open","100","False","2","106575","False","100","3.11",
"150","75968","Temperature - 75968","8/18/2015 5:08:00 PM","78.08","78.1? F","100","25.6","16","106575","False","96","3.1",
"151","75981","Temperature - 75981","8/18/2015 5:08:00 PM","76.82","76.8? F","100","24.9","16","106575","False","100","3.1",
"152","75994","Open / Closed - 75994","8/18/2015 5:09:13 PM","0","Open","100","False","2","106575","False","100","3.12",
"153","75968","Temperature - 75968","8/18/2015 5:10:01 PM","78.08","78.1? F","100","25.6","16","106575","False","97","3.1",
"154","75981","Temperature - 75981","8/18/2015 5:10:01 PM","76.82","76.8? F","100","24.9","16","106575","False","100","3.1",
"155","75994","Open / Closed - 75994","8/18/2015 5:11:13 PM","0","Open","100","False","2","106575","False","100","3.12",
"156","75968","Temperature - 75968","8/18/2015 5:12:00 PM","78.08","78.1? F","100","25.6","16","106575","False","97","3.09",
"157","75981","Temperature - 75981","8/18/2015 5:12:01 PM","76.82","76.8? F","100","24.9","16","106575","False","100","3.1",
"158","75994","Open / Closed - 75994","8/18/2015 5:13:13 PM","0","Open","100","False","2","106575","False","100","3.12",
"159","75981","Temperature - 75981","8/18/2015 5:14:00 PM","76.64","76.6? F","100","24.8","16","106575","False","100","3.1",
"160","75968","Temperature - 75968","8/18/2015 5:14:02 PM","77.9","77.9? F","100","25.5","16","106575","False","96","3.11",
"161","75994","Open / Closed - 75994","8/18/2015 5:15:13 PM","0","Open","100","False","2","106575","False","100","3.12",
"162","75968","Temperature - 75968","8/18/2015 5:15:59 PM","77.9","77.9? F","100","25.5","16","106575","False","96","3.08",
"163","75981","Temperature - 75981","8/18/2015 5:16:00 PM","76.64","76.6? F","100","24.8","16","106575","False","100","3.09",
"164","75994","Open / Closed - 75994","8/18/2015 5:17:13 PM","0","Open","100","False","2","106575","False","100","3.11",
"165","75968","Temperature - 75968","8/18/2015 5:17:59 PM","77.9","77.9? F","100","25.5","16","106575","False","98","3.08",
"166","75981","Temperature - 75981","8/18/2015 5:18:00 PM","76.64","76.6? F","100","24.8","16","106575","False","100","3.1",
"167","75994","Open / Closed - 75994","8/18/2015 5:19:13 PM","0","Open","100","False","2","106575","False","100","3.12",
"168","75981","Temperature - 75981","8/18/2015 5:20:01 PM","76.64","76.6? F","100","24.8","16","106575","False","100","3.1",
"169","75968","Temperature - 75968","8/18/2015 5:20:01 PM","77.72","77.7? F","100","25.4","16","106575","False","97","3.09",
"170","75994","Open / Closed - 75994","8/18/2015 5:21:13 PM","0","Open","100","False","2","106575","False","100","3.12",
"171","75981","Temperature - 75981","8/18/2015 5:21:59 PM","76.64","76.6? F","100","24.8","16","106575","False","100","3.11",
"172","75968","Temperature - 75968","8/18/2015 5:22:00 PM","77.9","77.9? F","100","25.5","16","106575","False","97","3.09",
"173","75994","Open / Closed - 75994","8/18/2015 5:23:13 PM","0","Open","100","False","2","106575","False","100","3.11",
"174","75981","Temperature - 75981","8/18/2015 5:24:00 PM","76.46","76.5? F","100","24.7","16","106575","False","100","3.1",
"175","75968","Temperature - 75968","8/18/2015 5:24:01 PM","77.72","77.7? F","100","25.4","16","106575","False","97","3.08",
"176","75994","Open / Closed - 75994","8/18/2015 5:25:13 PM","0","Open","100","False","2","106575","False","100","3.13",
"177","75968","Temperature - 75968","8/18/2015 5:25:59 PM","77.72","77.7? F","100","25.4","16","106575","False","97","3.09",
"178","75981","Temperature - 75981","8/18/2015 5:25:59 PM","76.46","76.5? F","100","24.7","16","106575","False","100","3.1",
"179","75994","Open / Closed - 75994","8/18/2015 5:27:13 PM","0","Open","100","False","2","106575","False","100","3.12",
"180","75968","Temperature - 75968","8/18/2015 5:27:59 PM","77.72","77.7? F","100","25.4","16","106575","False","97","3.09",
"181","75981","Temperature - 75981","8/18/2015 5:28:02 PM","76.46","76.5? F","100","24.7","16","106575","False","100","3.1",
"182","75994","Open / Closed - 75994","8/18/2015 5:29:13 PM","0","Open","100","False","2","106575","False","100","3.12",
"183","75968","Temperature - 75968","8/18/2015 5:29:59 PM","77.72","77.7? F","100","25.4","16","106575","False","97","3.08",
"184","75981","Temperature - 75981","8/18/2015 5:29:59 PM","76.46","76.5? F","100","24.7","16","106575","False","100","3.11",
"185","75994","Open / Closed - 75994","8/18/2015 5:31:13 PM","0","Open","100","False","2","106575","False","100","3.12",
"186","75981","Temperature - 75981","8/18/2015 5:32:00 PM","76.46","76.5? F","100","24.7","16","106575","False","100","3.11",
"187","75968","Temperature - 75968","8/18/2015 5:32:02 PM","77.54","77.5? F","100","25.3","16","106575","False","96","3.09",
"188","75994","Open / Closed - 75994","8/18/2015 5:33:13 PM","0","Open","100","False","2","106575","False","100","3.12",
"189","75981","Temperature - 75981","8/18/2015 5:34:00 PM","76.28","76.3? F","100","24.6","16","106575","False","100","3.1",
"190","75968","Temperature - 75968","8/18/2015 5:34:01 PM","77.54","77.5? F","100","25.3","16","106575","False","97","3.07",
"191","75994","Open / Closed - 75994","8/18/2015 5:35:13 PM","0","Open","100","False","2","106575","False","100","3.12",
"192","75981","Temperature - 75981","8/18/2015 5:35:59 PM","76.28","76.3? F","100","24.6","16","106575","False","100","3.11",
"193","75968","Temperature - 75968","8/18/2015 5:36:02 PM","77.36","77.4? F","100","25.2","16","106575","False","96","3.1",
"194","75994","Open / Closed - 75994","8/18/2015 5:37:13 PM","0","Open","100","False","2","106575","False","100","3.12",
"195","75981","Temperature - 75981","8/18/2015 5:38:00 PM","76.28","76.3? F","100","24.6","16","106575","False","100","3.11",
"196","75968","Temperature - 75968","8/18/2015 5:38:02 PM","77.36","77.4? F","100","25.2","16","106575","False","96","3.08",
"197","75994","Open / Closed - 75994","8/18/2015 5:39:13 PM","0","Open","100","False","2","106575","False","100","3.12",
"198","75981","Temperature - 75981","8/18/2015 5:40:00 PM","76.28","76.3? F","100","24.6","16","106575","False","100","3.1",
"199","75968","Temperature - 75968","8/18/2015 5:40:01 PM","77.36","77.4? F","100","25.2","16","106575","False","96","3.09",
"200","75994","Open / Closed - 75994","8/18/2015 5:41:13 PM","0","Open","100","False","2","106575","False","100","3.12",
"201","75968","Temperature - 75968","8/18/2015 5:42:00 PM","77.36","77.4? F","100","25.2","16","106575","False","96","3.08",
"202","75981","Temperature - 75981","8/18/2015 5:42:00 PM","76.28","76.3? F","100","24.6","16","106575","False","100","3.1",
"203","75994","Open / Closed - 75994","8/18/2015 5:43:14 PM","0","Open","100","False","2","106575","False","100","3.12",
"204","75981","Temperature - 75981","8/18/2015 5:43:59 PM","76.1","76.1? F","100","24.5","16","106575","False","100","3.11",
"205","75968","Temperature - 75968","8/18/2015 5:43:59 PM","77","77? F","100","25","16","106575","False","96","3.09",
"206","75994","Open / Closed - 75994","8/18/2015 5:45:14 PM","0","Open","100","False","2","106575","False","100","3.12",
"207","75981","Temperature - 75981","8/18/2015 5:46:00 PM","76.1","76.1? F","100","24.5","16","106575","False","100","3.1",
"208","75968","Temperature - 75968","8/18/2015 5:46:01 PM","77","77? F","100","25","16","106575","False","96","3.08",
"209","75994","Open / Closed - 75994","8/18/2015 5:47:14 PM","0","Open","100","False","2","106575","False","100","3.12",
"210","75968","Temperature - 75968","8/18/2015 5:48:01 PM","77.18","77.2? F","100","25.1","16","106575","False","97","3.08",
"211","75981","Temperature - 75981","8/18/2015 5:48:02 PM","76.1","76.1? F","100","24.5","16","106575","False","100","3.11",
"212","75994","Open / Closed - 75994","8/18/2015 5:49:14 PM","0","Open","100","False","2","106575","False","100","3.12",
"213","75968","Temperature - 75968","8/18/2015 5:49:59 PM","77.36","77.4? F","100","25.2","16","106575","False","96","3.1",
"214","75981","Temperature - 75981","8/18/2015 5:50:02 PM","76.28","76.3? F","100","24.6","16","106575","False","100","3.1",
"215","75994","Open / Closed - 75994","8/18/2015 5:51:14 PM","0","Open","100","False","2","106575","False","100","3.11",
"216","75981","Temperature - 75981","8/18/2015 5:52:02 PM","76.28","76.3? F","100","24.6","16","106575","False","100","3.1",
"217","75968","Temperature - 75968","8/18/2015 5:52:02 PM","77.18","77.2? F","100","25.1","16","106575","False","98","3.1",
"218","75994","Open / Closed - 75994","8/18/2015 5:53:14 PM","0","Open","100","False","2","106575","False","100","3.11",
"219","75981","Temperature - 75981","8/18/2015 5:53:59 PM","76.1","76.1? F","100","24.5","16","106575","False","100","3.1",
"220","75968","Temperature - 75968","8/18/2015 5:54:02 PM","77.36","77.4? F","100","25.2","16","106575","False","96","3.09",
"221","75994","Open / Closed - 75994","8/18/2015 5:55:14 PM","0","Open","100","False","2","106575","False","100","3.13",
"222","75981","Temperature - 75981","8/18/2015 5:56:00 PM","76.1","76.1? F","100","24.5","16","106575","False","100","3.1",
"223","75968","Temperature - 75968","8/18/2015 5:56:01 PM","77.36","77.4? F","100","25.2","16","106575","False","96","3.07",
"224","75994","Open / Closed - 75994","8/18/2015 5:57:14 PM","0","Open","100","False","2","106575","False","100","3.12",
"225","75981","Temperature - 75981","8/18/2015 5:57:59 PM","76.28","76.3? F","100","24.6","16","106575","False","100","3.11",
"226","75968","Temperature - 75968","8/18/2015 5:58:01 PM","77.36","77.4? F","100","25.2","16","106575","False","96","3.09",
"227","75994","Open / Closed - 75994","8/18/2015 5:59:14 PM","0","Open","100","False","2","106575","False","100","3.11",
"228","75981","Temperature - 75981","8/18/2015 6:00:01 PM","76.1","76.1? F","100","24.5","16","106575","False","100","3.1",
"229","75968","Temperature - 75968","8/18/2015 6:00:02 PM","77.36","77.4? F","100","25.2","16","106575","False","97","3.08",
"230","75994","Open / Closed - 75994","8/18/2015 6:01:14 PM","0","Open","100","False","2","106575","False","100","3.12",
"231","75981","Temperature - 75981","8/18/2015 6:02:02 PM","76.28","76.3? F","100","24.6","16","106575","False","100","3.1",
"232","75968","Temperature - 75968","8/18/2015 6:02:02 PM","77.36","77.4? F","100","25.2","16","106575","False","97","3.08",
"233","75994","Open / Closed - 75994","8/18/2015 6:03:14 PM","0","Open","100","False","2","106575","False","100","3.12",
"234","75981","Temperature - 75981","8/18/2015 6:03:59 PM","76.28","76.3? F","100","24.6","16","106575","False","100","3.11",
"235","75968","Temperature - 75968","8/18/2015 6:03:59 PM","77.36","77.4? F","100","25.2","16","106575","False","97","3.08",
"236","75994","Open / Closed - 75994","8/18/2015 6:05:14 PM","0","Open","100","False","2","106575","False","100","3.12",
"237","75981","Temperature - 75981","8/18/2015 6:06:00 PM","76.28","76.3? F","100","24.6","16","106575","False","100","3.1",
"238","75968","Temperature - 75968","8/18/2015 6:06:00 PM","77.36","77.4? F","100","25.2","16","106575","False","97","3.09",
"239","75994","Open / Closed - 75994","8/18/2015 6:07:14 PM","0","Open","100","False","2","106575","False","100","3.11",
"240","75981","Temperature - 75981","8/18/2015 6:08:00 PM","76.28","76.3? F","100","24.6","16","106575","False","100","3.1",
"241","75968","Temperature - 75968","8/18/2015 6:08:02 PM","77.54","77.5? F","100","25.3","16","106575","False","97","3.08",
"242","75994","Open / Closed - 75994","8/18/2015 6:09:14 PM","0","Open","100","False","2","106575","False","100","3.11",
"243","75981","Temperature - 75981","8/18/2015 6:10:00 PM","76.46","76.5? F","100","24.7","16","106575","False","100","3.1",
"244","75968","Temperature - 75968","8/18/2015 6:10:00 PM","77.72","77.7? F","100","25.4","16","106575","False","97","3.08",
"245","75994","Open / Closed - 75994","8/18/2015 6:11:14 PM","0","Open","100","False","2","106575","False","100","3.12",
"246","75968","Temperature - 75968","8/18/2015 6:12:00 PM","77.54","77.5? F","100","25.3","16","106575","False","97","3.08",
"247","75981","Temperature - 75981","8/18/2015 6:12:00 PM","76.46","76.5? F","100","24.7","16","106575","False","100","3.11",
"248","75994","Open / Closed - 75994","8/18/2015 6:13:14 PM","0","Open","100","False","2","106575","False","100","3.1",
"249","75968","Temperature - 75968","8/18/2015 6:13:59 PM","77.54","77.5? F","100","25.3","16","106575","False","97","3.08",
"250","75981","Temperature - 75981","8/18/2015 6:13:59 PM","76.46","76.5? F","100","24.7","16","106575","False","100","3.1",
"251","75994","Open / Closed - 75994","8/18/2015 6:15:14 PM","0","Open","100","False","2","106575","False","100","3.12",
"252","75981","Temperature - 75981","8/18/2015 6:15:59 PM","76.28","76.3? F","100","24.6","16","106575","False","100","3.11",
"253","75968","Temperature - 75968","8/18/2015 6:16:01 PM","77.72","77.7? F","100","25.4","16","106575","False","97","3.09",
"254","75994","Open / Closed - 75994","8/18/2015 6:17:14 PM","0","Open","100","False","2","106575","False","100","3.13",
"255","75981","Temperature - 75981","8/18/2015 6:18:00 PM","76.46","76.5? F","100","24.7","16","106575","False","100","3.1",
"256","75968","Temperature - 75968","8/18/2015 6:18:01 PM","77.72","77.7? F","100","25.4","16","106575","False","97","3.08",
"257","75994","Open / Closed - 75994","8/18/2015 6:19:14 PM","0","Open","100","False","2","106575","False","100","3.12",
"258","75968","Temperature - 75968","8/18/2015 6:20:00 PM","77.9","77.9? F","100","25.5","16","106575","False","97","3.09",
"259","75981","Temperature - 75981","8/18/2015 6:20:01 PM","76.46","76.5? F","100","24.7","16","106575","False","100","3.11",
"260","75994","Open / Closed - 75994","8/18/2015 6:21:14 PM","0","Open","100","False","2","106575","False","100","3.12",
"261","75968","Temperature - 75968","8/18/2015 6:22:00 PM","77.72","77.7? F","100","25.4","16","106575","False","97","3.09",
"262","75981","Temperature - 75981","8/18/2015 6:22:02 PM","76.46","76.5? F","100","24.7","16","106575","False","100","3.1",
"263","75994","Open / Closed - 75994","8/18/2015 6:23:14 PM","0","Open","100","False","2","106575","False","100","3.11",
"264","75968","Temperature - 75968","8/18/2015 6:24:01 PM","77.72","77.7? F","100","25.4","16","106575","False","97","3.08",
"265","75981","Temperature - 75981","8/18/2015 6:24:02 PM","76.46","76.5? F","100","24.7","16","106575","False","100","3.09",
"266","75994","Open / Closed - 75994","8/18/2015 6:25:14 PM","0","Open","100","False","2","106575","False","100","3.12",
"267","75981","Temperature - 75981","8/18/2015 6:26:00 PM","76.46","76.5? F","100","24.7","16","106575","False","100","3.11",
"268","75968","Temperature - 75968","8/18/2015 6:26:01 PM","77.9","77.9? F","100","25.5","16","106575","False","100","3.1",
"269","75994","Open / Closed - 75994","8/18/2015 6:27:14 PM","0","Open","100","False","2","106575","False","100","3.1",
"270","75981","Temperature - 75981","8/18/2015 6:28:00 PM","76.64","76.6? F","100","24.8","16","106575","False","100","3.1",
"271","75968","Temperature - 75968","8/18/2015 6:28:02 PM","77.9","77.9? F","100","25.5","16","106575","False","97","3.09",
"272","75994","Open / Closed - 75994","8/18/2015 6:29:14 PM","0","Open","100","False","2","106575","False","100","3.12",
"273","75981","Temperature - 75981","8/18/2015 6:30:00 PM","76.64","76.6? F","100","24.8","16","106575","False","100","3.1",
"274","75968","Temperature - 75968","8/18/2015 6:30:00 PM","77.9","77.9? F","100","25.5","16","106575","False","97","3.09",
"275","75994","Open / Closed - 75994","8/18/2015 6:31:15 PM","0","Open","100","False","2","106575","False","100","3.12",
"276","75981","Temperature - 75981","8/18/2015 6:32:02 PM","76.64","76.6? F","100","24.8","16","106575","False","100","3.1",
"277","75968","Temperature - 75968","8/18/2015 6:32:02 PM","77.9","77.9? F","100","25.5","16","106575","False","97","3.09",
"278","75994","Open / Closed - 75994","8/18/2015 6:33:15 PM","0","Open","100","False","2","106575","False","100","3.11",
"279","75981","Temperature - 75981","8/18/2015 6:34:02 PM","76.64","76.6? F","100","24.8","16","106575","False","100","3.1",
"280","75968","Temperature - 75968","8/18/2015 6:34:02 PM","78.08","78.1? F","100","25.6","16","106575","False","97","3.08",
"281","75994","Open / Closed - 75994","8/18/2015 6:35:15 PM","0","Open","100","False","2","106575","False","100","3.11",
"282","75981","Temperature - 75981","8/18/2015 6:35:59 PM","76.64","76.6? F","100","24.8","16","106575","False","100","3.1",
"283","75968","Temperature - 75968","8/18/2015 6:35:59 PM","78.08","78.1? F","100","25.6","16","106575","False","97","3.08",
"284","75994","Open / Closed - 75994","8/18/2015 6:37:15 PM","0","Open","100","False","2","106575","False","100","3.11",
"285","75981","Temperature - 75981","8/18/2015 6:37:59 PM","76.82","76.8? F","100","24.9","16","106575","False","100","3.1",
"286","75968","Temperature - 75968","8/18/2015 6:38:01 PM","78.08","78.1? F","100","25.6","16","106575","False","97","3.09",
"287","75994","Open / Closed - 75994","8/18/2015 6:39:15 PM","0","Open","100","False","2","106575","False","100","3.12",
"288","75981","Temperature - 75981","8/18/2015 6:39:59 PM","76.82","76.8? F","100","24.9","16","106575","False","100","3.11",
"289","75968","Temperature - 75968","8/18/2015 6:39:59 PM","78.08","78.1? F","100","25.6","16","106575","False","97","3.09",
"290","75994","Open / Closed - 75994","8/18/2015 6:41:15 PM","0","Open","100","False","2","106575","False","100","3.11",
"291","75981","Temperature - 75981","8/18/2015 6:41:59 PM","76.82","76.8? F","100","24.9","16","106575","False","100","3.1",
"292","75968","Temperature - 75968","8/18/2015 6:41:59 PM","78.08","78.1? F","100","25.6","16","106575","False","97","3.07",
"293","75994","Open / Closed - 75994","8/18/2015 6:43:15 PM","0","Open","100","False","2","106575","False","100","3.12",
"294","75968","Temperature - 75968","8/18/2015 6:43:59 PM","78.08","78.1? F","100","25.6","16","106575","False","97","3.09",
"295","75981","Temperature - 75981","8/18/2015 6:44:00 PM","76.82","76.8? F","100","24.9","16","106575","False","100","3.1",
"296","75994","Open / Closed - 75994","8/18/2015 6:45:15 PM","0","Open","100","False","2","106575","False","100","3.11",
"297","75968","Temperature - 75968","8/18/2015 6:46:01 PM","78.08","78.1? F","100","25.6","16","106575","False","97","3.08",
"298","75981","Temperature - 75981","8/18/2015 6:46:02 PM","76.82","76.8? F","100","24.9","16","106575","False","100","3.1",
"299","75994","Open / Closed - 75994","8/18/2015 6:47:15 PM","0","Open","100","False","2","106575","False","100","3.11",
"300","75981","Temperature - 75981","8/18/2015 6:48:01 PM","76.82","76.8? F","100","24.9","16","106575","False","100","3.1",
"301","75968","Temperature - 75968","8/18/2015 6:48:01 PM","78.08","78.1? F","100","25.6","16","106575","False","97","3.08",
"302","75994","Open / Closed - 75994","8/18/2015 6:49:15 PM","0","Open","100","False","2","106575","False","100","3.13",
"303","75968","Temperature - 75968","8/18/2015 6:49:59 PM","78.26","78.3? F","100","25.7","16","106575","False","97","3.08",
"304","75981","Temperature - 75981","8/18/2015 6:50:01 PM","77","77? F","100","25","16","106575","False","100","3.1",
"305","75994","Open / Closed - 75994","8/18/2015 6:51:15 PM","0","Open","100","False","2","106575","False","100","3.11",
"306","75968","Temperature - 75968","8/18/2015 6:52:00 PM","78.26","78.3? F","100","25.7","16","106575","False","96","3.07",
"307","75981","Temperature - 75981","8/18/2015 6:52:01 PM","77","77? F","100","25","16","106575","False","100","3.11",
"308","75994","Open / Closed - 75994","8/18/2015 6:53:15 PM","0","Open","100","False","2","106575","False","100","3.11",
"309","75968","Temperature - 75968","8/18/2015 6:53:59 PM","78.26","78.3? F","100","25.7","16","106575","False","96","3.09",
"310","75981","Temperature - 75981","8/18/2015 6:54:02 PM","77","77? F","100","25","16","106575","False","100","3.11",
"311","75994","Open / Closed - 75994","8/18/2015 6:55:15 PM","0","Open","100","False","2","106575","False","100","3.12",
"312","75968","Temperature - 75968","8/18/2015 6:56:00 PM","78.26","78.3? F","100","25.7","16","106575","False","97","3.08",
"313","75981","Temperature - 75981","8/18/2015 6:56:02 PM","77","77? F","100","25","16","106575","False","100","3.11",
"314","75994","Open / Closed - 75994","8/18/2015 6:57:15 PM","0","Open","100","False","2","106575","False","100","3.12",
"315","75981","Temperature - 75981","8/18/2015 6:57:59 PM","77","77? F","100","25","16","106575","False","100","3.1",
"316","75968","Temperature - 75968","8/18/2015 6:58:01 PM","78.26","78.3? F","100","25.7","16","106575","False","97","3.09",
"317","75994","Open / Closed - 75994","8/18/2015 6:59:15 PM","0","Open","100","False","2","106575","False","100","3.11",
"318","75981","Temperature - 75981","8/18/2015 6:59:59 PM","77","77? F","100","25","16","106575","False","100","3.1",
"319","75968","Temperature - 75968","8/18/2015 7:00:00 PM","78.26","78.3? F","100","25.7","16","106575","False","97","3.08",
"320","75994","Open / Closed - 75994","8/18/2015 7:01:15 PM","0","Open","100","False","2","106575","False","100","3.11",
"321","75968","Temperature - 75968","8/18/2015 7:01:59 PM","78.26","78.3? F","100","25.7","16","106575","False","97","3.08",
"322","75981","Temperature - 75981","8/18/2015 7:02:01 PM","77","77? F","100","25","16","106575","False","100","3.11",
"323","75994","Open / Closed - 75994","8/18/2015 7:03:15 PM","0","Open","100","False","2","106575","False","100","3.11",
"324","75968","Temperature - 75968","8/18/2015 7:04:00 PM","78.26","78.3? F","100","25.7","16","106575","False","100","3.08",
"325","75981","Temperature - 75981","8/18/2015 7:04:01 PM","77","77? F","100","25","16","106575","False","100","3.11",
"326","75994","Open / Closed - 75994","8/18/2015 7:05:15 PM","0","Open","100","False","2","106575","False","100","3.12",
"327","75968","Temperature - 75968","8/18/2015 7:05:59 PM","78.26","78.3? F","100","25.7","16","106575","False","97","3.09",
"328","75981","Temperature - 75981","8/18/2015 7:05:59 PM","77","77? F","100","25","16","106575","False","100","3.11",
"329","75994","Open / Closed - 75994","8/18/2015 7:07:15 PM","0","Open","100","False","2","106575","False","100","3.11",
"330","75981","Temperature - 75981","8/18/2015 7:08:00 PM","77","77? F","100","25","16","106575","False","100","3.1",
"331","75968","Temperature - 75968","8/18/2015 7:08:02 PM","78.26","78.3? F","100","25.7","16","106575","False","100","3.09",
"332","75994","Open / Closed - 75994","8/18/2015 7:09:15 PM","0","Open","100","False","2","106575","False","100","3.13",
"333","75968","Temperature - 75968","8/18/2015 7:10:02 PM","78.26","78.3? F","100","25.7","16","106575","False","97","3.09",
"334","75981","Temperature - 75981","8/18/2015 7:10:02 PM","77","77? F","100","25","16","106575","False","100","3.1",
"335","75994","Open / Closed - 75994","8/18/2015 7:11:15 PM","0","Open","100","False","2","106575","False","100","3.12",
"336","75981","Temperature - 75981","8/18/2015 7:11:59 PM","77","77? F","100","25","16","106575","False","100","3.11",
"337","75968","Temperature - 75968","8/18/2015 7:12:00 PM","78.26","78.3? F","100","25.7","16","106575","False","97","3.08",
"338","75994","Open / Closed - 75994","8/18/2015 7:13:15 PM","0","Open","100","False","2","106575","False","100","3.11",
"339","75981","Temperature - 75981","8/18/2015 7:13:59 PM","77","77? F","100","25","16","106575","False","100","3.11",
"340","75968","Temperature - 75968","8/18/2015 7:14:02 PM","78.26","78.3? F","100","25.7","16","106575","False","96","3.07",
"341","75994","Open / Closed - 75994","8/18/2015 7:15:15 PM","0","Open","100","False","2","106575","False","100","3.11",
"342","75981","Temperature - 75981","8/18/2015 7:15:59 PM","77.18","77.2? F","100","25.1","16","106575","False","100","3.11",
"343","75968","Temperature - 75968","8/18/2015 7:16:01 PM","78.26","78.3? F","100","25.7","16","106575","False","97","3.09",
"344","75994","Open / Closed - 75994","8/18/2015 7:17:15 PM","0","Open","100","False","2","106575","False","100","3.11",
"345","75968","Temperature - 75968","8/18/2015 7:18:01 PM","78.44","78.4? F","100","25.8","16","106575","False","98","3.08",
"346","75981","Temperature - 75981","8/18/2015 7:18:03 PM","77","77? F","100","25","16","106575","False","100","3.1",
"347","75968","Temperature - 75968","8/18/2015 7:18:03 PM","78.44","78.4? F","100","25.8","16","106575","False","96","3.08",
"348","75994","Open / Closed - 75994","8/18/2015 7:19:16 PM","0","Open","100","False","2","106575","False","100","3.12",
"349","75981","Temperature - 75981","8/18/2015 7:19:59 PM","77.36","77.4? F","100","25.2","16","106575","False","100","3.11",
"350","75968","Temperature - 75968","8/18/2015 7:20:02 PM","78.44","78.4? F","100","25.8","16","106575","False","96","3.09",
"351","75994","Open / Closed - 75994","8/18/2015 7:21:16 PM","0","Open","100","False","2","106575","False","100","3.12",
"352","75981","Temperature - 75981","8/18/2015 7:22:00 PM","77.36","77.4? F","100","25.2","16","106575","False","100","3.11",
"353","75968","Temperature - 75968","8/18/2015 7:22:01 PM","78.26","78.3? F","100","25.7","16","106575","False","96","3.09",
"354","75994","Open / Closed - 75994","8/18/2015 7:23:16 PM","0","Open","100","False","2","106575","False","100","3.13",
"355","75968","Temperature - 75968","8/18/2015 7:24:01 PM","78.26","78.3? F","100","25.7","16","106575","False","93","3.09",
"356","75981","Temperature - 75981","8/18/2015 7:24:02 PM","77.54","77.5? F","100","25.3","16","106575","False","100","3.1",
"357","75994","Open / Closed - 75994","8/18/2015 7:25:16 PM","0","Open","100","False","2","106575","False","100","3.12",
"358","75968","Temperature - 75968","8/18/2015 7:25:59 PM","78.44","78.4? F","100","25.8","16","106575","False","94","3.08",
"359","75981","Temperature - 75981","8/18/2015 7:26:02 PM","77.54","77.5? F","100","25.3","16","106575","False","100","3.1",
"360","75994","Open / Closed - 75994","8/18/2015 7:27:16 PM","0","Open","100","False","2","106575","False","100","3.12",
"361","75981","Temperature - 75981","8/18/2015 7:28:00 PM","77.54","77.5? F","100","25.3","16","106575","False","93","3.11",
"362","75968","Temperature - 75968","8/18/2015 7:28:01 PM","78.44","78.4? F","100","25.8","16","106575","False","94","3.08",
"363","75994","Open / Closed - 75994","8/18/2015 7:29:16 PM","0","Open","100","False","2","106575","False","100","3.11",
"364","75981","Temperature - 75981","8/18/2015 7:30:00 PM","77.54","77.5? F","100","25.3","16","106575","False","100","3.11",
"365","75968","Temperature - 75968","8/18/2015 7:30:02 PM","78.44","78.4? F","100","25.8","16","106575","False","94","3.09",
"366","75994","Open / Closed - 75994","8/18/2015 7:31:16 PM","0","Open","100","False","2","106575","False","100","3.11",
"367","75968","Temperature - 75968","8/18/2015 7:32:00 PM","78.26","78.3? F","100","25.7","16","106575","False","94","3.08",
"368","75981","Temperature - 75981","8/18/2015 7:32:01 PM","77.54","77.5? F","100","25.3","16","106575","False","100","3.1",
"369","75994","Open / Closed - 75994","8/18/2015 7:33:16 PM","0","Open","100","False","2","106575","False","100","3.12",
"370","75981","Temperature - 75981","8/18/2015 7:34:00 PM","77.72","77.7? F","100","25.4","16","106575","False","100","3.11",
"371","75968","Temperature - 75968","8/18/2015 7:34:01 PM","78.44","78.4? F","100","25.8","16","106575","False","96","3.09",
"372","75994","Open / Closed - 75994","8/18/2015 7:35:16 PM","0","Open","100","False","2","106575","False","100","3.12",
"373","75968","Temperature - 75968","8/18/2015 7:35:59 PM","78.26","78.3? F","100","25.7","16","106575","False","94","3.09",
"374","75981","Temperature - 75981","8/18/2015 7:36:02 PM","77.72","77.7? F","100","25.4","16","106575","False","100","3.1",
"375","75994","Open / Closed - 75994","8/18/2015 7:37:16 PM","0","Open","100","False","2","106575","False","100","3.12",
"376","75968","Temperature - 75968","8/18/2015 7:38:00 PM","78.44","78.4? F","100","25.8","16","106575","False","90","3.08",
"377","75981","Temperature - 75981","8/18/2015 7:38:01 PM","77.9","77.9? F","100","25.5","16","106575","False","100","3.11",
"378","75994","Open / Closed - 75994","8/18/2015 7:39:16 PM","0","Open","100","False","2","106575","False","100","3.12",
"379","75968","Temperature - 75968","8/18/2015 7:40:00 PM","78.44","78.4? F","100","25.8","16","106575","False","92","3.1",
"380","75981","Temperature - 75981","8/18/2015 7:40:00 PM","77.9","77.9? F","100","25.5","16","106575","False","100","3.1",
"381","75994","Open / Closed - 75994","8/18/2015 7:41:16 PM","0","Open","100","False","2","106575","False","100","3.12",
"382","75968","Temperature - 75968","8/18/2015 7:41:59 PM","78.26","78.3? F","100","25.7","16","106575","False","90","3.09",
"383","75981","Temperature - 75981","8/18/2015 7:42:02 PM","78.08","78.1? F","100","25.6","16","106575","False","100","3.09",
"384","75994","Open / Closed - 75994","8/18/2015 7:43:16 PM","0","Open","100","False","2","106575","False","100","3.12",
"385","75968","Temperature - 75968","8/18/2015 7:43:59 PM","78.44","78.4? F","100","25.8","16","106575","False","92","3.08",
"386","75981","Temperature - 75981","8/18/2015 7:44:00 PM","78.08","78.1? F","100","25.6","16","106575","False","100","3.11",
"387","75994","Open / Closed - 75994","8/18/2015 7:45:16 PM","0","Open","100","False","2","106575","False","100","3.11",
"388","75968","Temperature - 75968","8/18/2015 7:45:59 PM","78.44","78.4? F","100","25.8","16","106575","False","94","3.1",
"389","75981","Temperature - 75981","8/18/2015 7:46:01 PM","78.08","78.1? F","100","25.6","16","106575","False","100","3.1",
"390","75994","Open / Closed - 75994","8/18/2015 7:47:16 PM","0","Open","100","False","2","106575","False","100","3.13",
"391","75981","Temperature - 75981","8/18/2015 7:48:00 PM","78.08","78.1? F","100","25.6","16","106575","False","100","3.1",
"392","75968","Temperature - 75968","8/18/2015 7:48:01 PM","78.44","78.4? F","100","25.8","16","106575","False","94","3.09",
"393","75994","Open / Closed - 75994","8/18/2015 7:49:16 PM","0","Open","100","False","2","106575","False","100","3.12",
"394","75981","Temperature - 75981","8/18/2015 7:50:01 PM","78.08","78.1? F","100","25.6","16","106575","False","100","3.1",
"395","75968","Temperature - 75968","8/18/2015 7:50:02 PM","78.44","78.4? F","100","25.8","16","106575","False","94","3.08",
"396","75994","Open / Closed - 75994","8/18/2015 7:51:16 PM","0","Open","100","False","2","106575","False","100","3.12",
"397","75981","Temperature - 75981","8/18/2015 7:52:01 PM","78.08","78.1? F","100","25.6","16","106575","False","100","3.1",
"398","75968","Temperature - 75968","8/18/2015 7:52:02 PM","78.44","78.4? F","100","25.8","16","106575","False","94","3.09",
"399","75994","Open / Closed - 75994","8/18/2015 7:53:17 PM","0","Open","100","False","2","106575","False","100","3.12",
"400","75981","Temperature - 75981","8/18/2015 7:54:00 PM","78.08","78.1? F","100","25.6","16","106575","False","100","3.1",
"401","75968","Temperature - 75968","8/18/2015 7:54:01 PM","78.44","78.4? F","100","25.8","16","106575","False","93","3.08",
"402","75994","Open / Closed - 75994","8/18/2015 7:55:17 PM","0","Open","100","False","2","106575","False","100","3.12",
"403","75968","Temperature - 75968","8/18/2015 7:56:00 PM","78.44","78.4? F","100","25.8","16","106575","False","94","3.09",
"404","75981","Temperature - 75981","8/18/2015 7:56:01 PM","78.08","78.1? F","100","25.6","16","106575","False","100","3.11",
"405","75994","Open / Closed - 75994","8/18/2015 7:57:17 PM","0","Open","100","False","2","106575","False","100","3.12",
"406","75981","Temperature - 75981","8/18/2015 7:58:00 PM","78.08","78.1? F","100","25.6","16","106575","False","100","3.11",
"407","75968","Temperature - 75968","8/18/2015 7:58:01 PM","78.44","78.4? F","100","25.8","16","106575","False","90","3.09",
"408","75994","Open / Closed - 75994","8/18/2015 7:59:17 PM","0","Open","100","False","2","106575","False","100","3.11",
"409","75968","Temperature - 75968","8/18/2015 8:00:00 PM","78.26","78.3? F","100","25.7","16","106575","False","94","3.07",
"410","75981","Temperature - 75981","8/18/2015 8:00:01 PM","77.9","77.9? F","100","25.5","16","106575","False","100","3.1",
"411","75994","Open / Closed - 75994","8/18/2015 8:01:17 PM","0","Open","100","False","2","106575","False","100","3.11",
"412","75981","Temperature - 75981","8/18/2015 8:01:59 PM","77.9","77.9? F","100","25.5","16","106575","False","100","3.11",
"413","75968","Temperature - 75968","8/18/2015 8:02:01 PM","78.26","78.3? F","100","25.7","16","106575","False","94","3.09",
"414","75994","Open / Closed - 75994","8/18/2015 8:03:17 PM","0","Open","100","False","2","106575","False","100","3.12",
"415","75968","Temperature - 75968","8/18/2015 8:04:00 PM","78.26","78.3? F","100","25.7","16","106575","False","94","3.08",
"416","75981","Temperature - 75981","8/18/2015 8:04:01 PM","77.9","77.9? F","100","25.5","16","106575","False","100","3.1",
"417","75994","Open / Closed - 75994","8/18/2015 8:05:17 PM","0","Open","100","False","2","106575","False","100","3.12",
"418","75968","Temperature - 75968","8/18/2015 8:05:59 PM","78.26","78.3? F","100","25.7","16","106575","False","94","3.08",
"419","75981","Temperature - 75981","8/18/2015 8:05:59 PM","77.9","77.9? F","100","25.5","16","106575","False","100","3.1",
"420","75994","Open / Closed - 75994","8/18/2015 8:07:17 PM","0","Open","100","False","2","106575","False","100","3.11",
"421","75968","Temperature - 75968","8/18/2015 8:07:59 PM","78.26","78.3? F","100","25.7","16","106575","False","90","3.08",
"422","75981","Temperature - 75981","8/18/2015 8:07:59 PM","77.9","77.9? F","100","25.5","16","106575","False","100","3.1",
"423","75994","Open / Closed - 75994","8/18/2015 8:09:17 PM","0","Open","100","False","2","106575","False","100","3.12",
"424","75968","Temperature - 75968","8/18/2015 8:09:59 PM","78.08","78.1? F","100","25.6","16","106575","False","94","3.07",
"425","75981","Temperature - 75981","8/18/2015 8:10:02 PM","77.72","77.7? F","100","25.4","16","106575","False","100","3.11",
"426","75994","Open / Closed - 75994","8/18/2015 8:11:17 PM","0","Open","100","False","2","106575","False","100","3.12",
"427","75968","Temperature - 75968","8/18/2015 8:12:00 PM","78.08","78.1? F","100","25.6","16","106575","False","94","3.09",
"428","75981","Temperature - 75981","8/18/2015 8:12:02 PM","77.72","77.7? F","100","25.4","16","106575","False","100","3.1",
"429","75994","Open / Closed - 75994","8/18/2015 8:13:17 PM","0","Open","100","False","2","106575","False","100","3.12",
"430","75981","Temperature - 75981","8/18/2015 8:14:01 PM","77.72","77.7? F","100","25.4","16","106575","False","100","3.11",
"431","75968","Temperature - 75968","8/18/2015 8:14:02 PM","78.08","78.1? F","100","25.6","16","106575","False","94","3.1",
"432","75994","Open / Closed - 75994","8/18/2015 8:15:17 PM","0","Open","100","False","2","106575","False","100","3.12",
"433","75968","Temperature - 75968","8/18/2015 8:15:59 PM","78.08","78.1? F","100","25.6","16","106575","False","90","3.1",
"434","75981","Temperature - 75981","8/18/2015 8:16:00 PM","77.72","77.7? F","100","25.4","16","106575","False","100","3.1",
"435","75994","Open / Closed - 75994","8/18/2015 8:17:17 PM","0","Open","100","False","2","106575","False","100","3.12",
"436","75981","Temperature - 75981","8/18/2015 8:18:00 PM","77.72","77.7? F","100","25.4","16","106575","False","100","3.1",
"437","75968","Temperature - 75968","8/18/2015 8:18:02 PM","78.08","78.1? F","100","25.6","16","106575","False","94","3.08",
"438","75994","Open / Closed - 75994","8/18/2015 8:19:17 PM","0","Open","100","False","2","106575","False","100","3.12",
"439","75981","Temperature - 75981","8/18/2015 8:20:00 PM","77.54","77.5? F","100","25.3","16","106575","False","100","3.11",
"440","75968","Temperature - 75968","8/18/2015 8:20:00 PM","78.08","78.1? F","100","25.6","16","106575","False","94","3.08",
"441","75994","Open / Closed - 75994","8/18/2015 8:21:17 PM","0","Open","100","False","2","106575","False","100","3.11",
"442","75981","Temperature - 75981","8/18/2015 8:22:01 PM","77.54","77.5? F","100","25.3","16","106575","False","100","3.11",
"443","75968","Temperature - 75968","8/18/2015 8:22:02 PM","77.9","77.9? F","100","25.5","16","106575","False","94","3.08",
"444","75994","Open / Closed - 75994","8/18/2015 8:23:17 PM","0","Open","100","False","2","106575","False","100","3.12",
"445","75981","Temperature - 75981","8/18/2015 8:23:59 PM","77.36","77.4? F","100","25.2","16","106575","False","90","3.11",
"446","75968","Temperature - 75968","8/18/2015 8:24:00 PM","77.9","77.9? F","100","25.5","16","106575","False","96","3.1",
"447","75994","Open / Closed - 75994","8/18/2015 8:25:17 PM","0","Open","100","False","2","106575","False","100","3.13",
"448","75968","Temperature - 75968","8/18/2015 8:26:00 PM","77.72","77.7? F","100","25.4","16","106575","False","96","3.09",
"449","75981","Temperature - 75981","8/18/2015 8:26:01 PM","77.36","77.4? F","100","25.2","16","106575","False","94","3.1",
"450","75994","Open / Closed - 75994","8/18/2015 8:27:17 PM","0","Open","100","False","2","106575","False","100","3.12",
"451","75981","Temperature - 75981","8/18/2015 8:28:00 PM","77.36","77.4? F","100","25.2","16","106575","False","92","3.11",
"452","75968","Temperature - 75968","8/18/2015 8:28:00 PM","77.72","77.7? F","100","25.4","16","106575","False","97","3.11",
"453","75994","Open / Closed - 75994","8/18/2015 8:29:18 PM","0","Open","100","False","2","106575","False","100","3.11",
"454","75981","Temperature - 75981","8/18/2015 8:30:00 PM","77.18","77.2? F","100","25.1","16","106575","False","100","3.11",
"455","75968","Temperature - 75968","8/18/2015 8:30:00 PM","77.72","77.7? F","100","25.4","16","106575","False","94","3.08",
"456","75994","Open / Closed - 75994","8/18/2015 8:31:18 PM","0","Open","100","False","2","106575","False","100","3.11",
"457","75981","Temperature - 75981","8/18/2015 8:31:59 PM","77","77? F","100","25","16","106575","False","84","3.1",
"458","75968","Temperature - 75968","8/18/2015 8:31:59 PM","77.72","77.7? F","100","25.4","16","106575","False","97","3.09",
"459","75994","Open / Closed - 75994","8/18/2015 8:33:18 PM","0","Open","100","False","2","106575","False","100","3.12",
"460","75968","Temperature - 75968","8/18/2015 8:34:00 PM","77.72","77.7? F","100","25.4","16","106575","False","100","3.08",
"461","75981","Temperature - 75981","8/18/2015 8:34:02 PM","77","77? F","100","25","16","106575","False","100","3.11",
"462","75994","Open / Closed - 75994","8/18/2015 8:35:18 PM","0","Open","100","False","2","106575","False","100","3.11",
"463","75968","Temperature - 75968","8/18/2015 8:36:01 PM","77.72","77.7? F","100","25.4","16","106575","False","96","3.08",
"464","75981","Temperature - 75981","8/18/2015 8:36:02 PM","77","77? F","100","25","16","106575","False","100","3.11",
"465","75994","Open / Closed - 75994","8/18/2015 8:37:18 PM","0","Open","100","False","2","106575","False","100","3.12",
"466","75968","Temperature - 75968","8/18/2015 8:37:59 PM","77.54","77.5? F","100","25.3","16","106575","False","96","3.08",
"467","75981","Temperature - 75981","8/18/2015 8:38:00 PM","77","77? F","100","25","16","106575","False","100","3.11",
"468","75994","Open / Closed - 75994","8/18/2015 8:39:18 PM","0","Open","100","False","2","106575","False","100","3.13",
"469","75968","Temperature - 75968","8/18/2015 8:39:59 PM","77.36","77.4? F","100","25.2","16","106575","False","97","3.09",
"470","75981","Temperature - 75981","8/18/2015 8:39:59 PM","77","77? F","100","25","16","106575","False","100","3.11",
"471","75994","Open / Closed - 75994","8/18/2015 8:41:18 PM","0","Open","100","False","2","106575","False","100","3.12",
"472","75968","Temperature - 75968","8/18/2015 8:42:00 PM","77.36","77.4? F","100","25.2","16","106575","False","97","3.1",
"473","75981","Temperature - 75981","8/18/2015 8:42:00 PM","77","77? F","100","25","16","106575","False","100","3.11",
"474","75994","Open / Closed - 75994","8/18/2015 8:43:18 PM","0","Open","100","False","2","106575","False","100","3.11",
"475","75968","Temperature - 75968","8/18/2015 8:44:00 PM","77.36","77.4? F","100","25.2","16","106575","False","96","3.08",
"476","75981","Temperature - 75981","8/18/2015 8:44:01 PM","77","77? F","100","25","16","106575","False","94","3.1",
"477","75994","Open / Closed - 75994","8/18/2015 8:45:18 PM","0","Open","100","False","2","106575","False","100","3.11",
"478","75968","Temperature - 75968","8/18/2015 8:46:00 PM","77.36","77.4? F","100","25.2","16","106575","False","97","3.09",
"479","75981","Temperature - 75981","8/18/2015 8:46:00 PM","77","77? F","100","25","16","106575","False","100","3.1",
"480","75994","Open / Closed - 75994","8/18/2015 8:47:18 PM","0","Open","100","False","2","106575","False","100","3.11",
"481","75981","Temperature - 75981","8/18/2015 8:47:59 PM","76.82","76.8? F","100","24.9","16","106575","False","100","3.11",
"482","75968","Temperature - 75968","8/18/2015 8:48:00 PM","77.18","77.2? F","100","25.1","16","106575","False","100","3.08",
"483","75994","Open / Closed - 75994","8/18/2015 8:49:18 PM","0","Open","100","False","2","106575","False","100","3.1",
"484","75968","Temperature - 75968","8/18/2015 8:49:59 PM","77","77? F","100","25","16","106575","False","96","3.09",
"485","75981","Temperature - 75981","8/18/2015 8:50:01 PM","76.82","76.8? F","100","24.9","16","106575","False","100","3.09",
"486","75994","Open / Closed - 75994","8/18/2015 8:51:18 PM","0","Open","100","False","2","106575","False","100","3.11",
"487","75981","Temperature - 75981","8/18/2015 8:52:00 PM","76.64","76.6? F","100","24.8","16","106575","False","94","3.11",
"488","75968","Temperature - 75968","8/18/2015 8:52:02 PM","77","77? F","100","25","16","106575","False","100","3.09",
"489","75994","Open / Closed - 75994","8/18/2015 8:53:18 PM","0","Open","100","False","2","106575","False","100","3.11",
"490","75981","Temperature - 75981","8/18/2015 8:54:00 PM","76.64","76.6? F","100","24.8","16","106575","False","97","3.1",
"491","75968","Temperature - 75968","8/18/2015 8:54:02 PM","77","77? F","100","25","16","106575","False","97","3.08",
"492","75994","Open / Closed - 75994","8/18/2015 8:55:18 PM","0","Open","100","False","2","106575","False","100","3.12",
"493","75968","Temperature - 75968","8/18/2015 8:56:00 PM","77","77? F","100","25","16","106575","False","100","3.09",
"494","75981","Temperature - 75981","8/18/2015 8:56:01 PM","76.64","76.6? F","100","24.8","16","106575","False","97","3.11",
"495","75994","Open / Closed - 75994","8/18/2015 8:57:18 PM","0","Open","100","False","2","106575","False","100","3.13",
"496","75981","Temperature - 75981","8/18/2015 8:58:01 PM","76.64","76.6? F","100","24.8","16","106575","False","100","3.1",
"497","75968","Temperature - 75968","8/18/2015 8:58:02 PM","77","77? F","100","25","16","106575","False","100","3.09",
"498","75994","Open / Closed - 75994","8/18/2015 8:59:18 PM","0","Open","100","False","2","106575","False","100","3.11",
"499","75968","Temperature - 75968","8/18/2015 9:00:00 PM","77","77? F","100","25","16","106575","False","96","3.08",
"500","75981","Temperature - 75981","8/18/2015 9:00:01 PM","76.64","76.6? F","100","24.8","16","106575","False","100","3.09",
"501","75994","Open / Closed - 75994","8/18/2015 9:01:18 PM","0","Open","100","False","2","106575","False","100","3.11",
"502","75968","Temperature - 75968","8/18/2015 9:02:00 PM","77","77? F","100","25","16","106575","False","96","3.08",
"503","75981","Temperature - 75981","8/18/2015 9:02:01 PM","76.46","76.5? F","100","24.7","16","106575","False","100","3.1",
"504","75994","Open / Closed - 75994","8/18/2015 9:03:18 PM","0","Open","100","False","2","106575","False","100","3.11",
"505","75981","Temperature - 75981","8/18/2015 9:03:59 PM","76.64","76.6? F","100","24.8","16","106575","False","100","3.1",
"506","75968","Temperature - 75968","8/18/2015 9:04:00 PM","76.82","76.8? F","100","24.9","16","106575","False","96","3.09",
"507","75994","Open / Closed - 75994","8/18/2015 9:05:18 PM","0","Open","100","False","2","106575","False","100","3.11",
"508","75981","Temperature - 75981","8/18/2015 9:06:00 PM","76.46","76.5? F","100","24.7","16","106575","False","100","3.11",
"509","75968","Temperature - 75968","8/18/2015 9:06:02 PM","76.82","76.8? F","100","24.9","16","106575","False","96","3.09",
"510","75994","Open / Closed - 75994","8/18/2015 9:07:19 PM","0","Open","100","False","2","106575","False","100","3.11",
"511","75981","Temperature - 75981","8/18/2015 9:08:00 PM","76.46","76.5? F","100","24.7","16","106575","False","100","3.1",
"512","75968","Temperature - 75968","8/18/2015 9:08:02 PM","76.82","76.8? F","100","24.9","16","106575","False","97","3.08",
"513","75994","Open / Closed - 75994","8/18/2015 9:09:19 PM","0","Open","100","False","2","106575","False","100","3.11",
"514","75968","Temperature - 75968","8/18/2015 9:10:00 PM","76.82","76.8? F","100","24.9","16","106575","False","97","3.09",
"515","75981","Temperature - 75981","8/18/2015 9:10:02 PM","76.46","76.5? F","100","24.7","16","106575","False","100","3.1",
"516","75994","Open / Closed - 75994","8/18/2015 9:11:19 PM","0","Open","100","False","2","106575","False","100","3.12",
"517","75981","Temperature - 75981","8/18/2015 9:12:00 PM","76.28","76.3? F","100","24.6","16","106575","False","100","3.1",
"518","75968","Temperature - 75968","8/18/2015 9:12:01 PM","76.82","76.8? F","100","24.9","16","106575","False","96","3.08",
"519","75994","Open / Closed - 75994","8/18/2015 9:13:19 PM","0","Open","100","False","2","106575","False","100","3.11",
"520","75981","Temperature - 75981","8/18/2015 9:13:59 PM","76.46","76.5? F","100","24.7","16","106575","False","100","3.1",
"521","75968","Temperature - 75968","8/18/2015 9:14:02 PM","76.82","76.8? F","100","24.9","16","106575","False","96","3.08",
"522","75994","Open / Closed - 75994","8/18/2015 9:15:19 PM","0","Open","100","False","2","106575","False","100","3.11",
"523","75968","Temperature - 75968","8/18/2015 9:15:59 PM","76.82","76.8? F","100","24.9","16","106575","False","97","3.09",
"524","75981","Temperature - 75981","8/18/2015 9:16:01 PM","76.46","76.5? F","100","24.7","16","106575","False","100","3.11",
"525","75994","Open / Closed - 75994","8/18/2015 9:17:19 PM","0","Open","100","False","2","106575","False","100","3.12",
"526","75968","Temperature - 75968","8/18/2015 9:17:59 PM","76.82","76.8? F","100","24.9","16","106575","False","96","3.07",
"527","75981","Temperature - 75981","8/18/2015 9:18:02 PM","76.28","76.3? F","100","24.6","16","106575","False","100","3.1",
"528","75994","Open / Closed - 75994","8/18/2015 9:19:19 PM","0","Open","100","False","2","106575","False","100","3.12",
"529","75968","Temperature - 75968","8/18/2015 9:20:00 PM","76.64","76.6? F","100","24.8","16","106575","False","97","3.08",
"530","75981","Temperature - 75981","8/18/2015 9:20:01 PM","76.28","76.3? F","100","24.6","16","106575","False","100","3.1",
"531","75994","Open / Closed - 75994","8/18/2015 9:21:19 PM","0","Open","100","False","2","106575","False","100","3.11",
"532","75968","Temperature - 75968","8/18/2015 9:21:59 PM","76.82","76.8? F","100","24.9","16","106575","False","97","3.08",
"533","75981","Temperature - 75981","8/18/2015 9:22:00 PM","76.28","76.3? F","100","24.6","16","106575","False","100","3.1",
"534","75994","Open / Closed - 75994","8/18/2015 9:23:19 PM","0","Open","100","False","2","106575","False","100","3.12",
"535","75968","Temperature - 75968","8/18/2015 9:24:00 PM","76.82","76.8? F","100","24.9","16","106575","False","97","3.08",
"536","75981","Temperature - 75981","8/18/2015 9:24:02 PM","76.28","76.3? F","100","24.6","16","106575","False","100","3.1",
"537","75994","Open / Closed - 75994","8/18/2015 9:25:19 PM","0","Open","100","False","2","106575","False","100","3.11",
"538","75968","Temperature - 75968","8/18/2015 9:26:00 PM","76.82","76.8? F","100","24.9","16","106575","False","97","3.08",
"539","75981","Temperature - 75981","8/18/2015 9:26:02 PM","76.28","76.3? F","100","24.6","16","106575","False","100","3.1",
"540","75994","Open / Closed - 75994","8/18/2015 9:27:19 PM","0","Open","100","False","2","106575","False","100","3.12",
"541","75968","Temperature - 75968","8/18/2015 9:27:59 PM","76.64","76.6? F","100","24.8","16","106575","False","96","3.07",
"542","75981","Temperature - 75981","8/18/2015 9:28:00 PM","76.28","76.3? F","100","24.6","16","106575","False","100","3.11",
"543","75994","Open / Closed - 75994","8/18/2015 9:29:19 PM","0","Open","100","False","2","106575","False","100","3.12",
"544","75981","Temperature - 75981","8/18/2015 9:29:59 PM","76.28","76.3? F","100","24.6","16","106575","False","100","3.1",
"545","75968","Temperature - 75968","8/18/2015 9:30:01 PM","76.64","76.6? F","100","24.8","16","106575","False","96","3.08",
"546","75994","Open / Closed - 75994","8/18/2015 9:31:19 PM","0","Open","100","False","2","106575","False","100","3.12",
"547","75981","Temperature - 75981","8/18/2015 9:31:59 PM","76.28","76.3? F","100","24.6","16","106575","False","100","3.11",
"548","75968","Temperature - 75968","8/18/2015 9:32:02 PM","76.82","76.8? F","100","24.9","16","106575","False","96","3.09",
"549","75994","Open / Closed - 75994","8/18/2015 9:33:19 PM","0","Open","100","False","2","106575","False","100","3.11",
"550","75968","Temperature - 75968","8/18/2015 9:33:59 PM","77","77? F","100","25","16","106575","False","96","3.09",
"551","75981","Temperature - 75981","8/18/2015 9:34:00 PM","76.28","76.3? F","100","24.6","16","106575","False","100","3.1",
"552","75994","Open / Closed - 75994","8/18/2015 9:35:18 PM","0","Open","100","False","2","106575","False","100","3.11",
"553","75968","Temperature - 75968","8/18/2015 9:35:59 PM","76.82","76.8? F","100","24.9","16","106575","False","97","3.1",
"554","75981","Temperature - 75981","8/18/2015 9:36:01 PM","76.28","76.3? F","100","24.6","16","106575","False","100","3.09",
"555","75994","Open / Closed - 75994","8/18/2015 9:37:18 PM","0","Open","100","False","2","106575","False","100","3.11",
"556","75981","Temperature - 75981","8/18/2015 9:37:58 PM","76.28","76.3? F","100","24.6","16","106575","False","100","3.11",
"557","75968","Temperature - 75968","8/18/2015 9:38:00 PM","76.64","76.6? F","100","24.8","16","106575","False","97","3.09",
"558","75994","Open / Closed - 75994","8/18/2015 9:39:19 PM","0","Open","100","False","2","106575","False","100","3.11",
"559","75968","Temperature - 75968","8/18/2015 9:40:00 PM","76.64","76.6? F","100","24.8","16","106575","False","97","3.08",
"560","75981","Temperature - 75981","8/18/2015 9:40:00 PM","76.1","76.1? F","100","24.5","16","106575","False","100","3.1",
"561","75994","Open / Closed - 75994","8/18/2015 9:41:18 PM","0","Open","100","False","2","106575","False","100","3.13",
"562","75981","Temperature - 75981","8/18/2015 9:41:58 PM","76.28","76.3? F","100","24.6","16","106575","False","100","3.11",
"563","75968","Temperature - 75968","8/18/2015 9:41:59 PM","76.82","76.8? F","100","24.9","16","106575","False","97","3.08",
"564","75994","Open / Closed - 75994","8/18/2015 9:43:18 PM","0","Open","100","False","2","106575","False","100","3.11",
"565","75981","Temperature - 75981","8/18/2015 9:43:58 PM","76.28","76.3? F","100","24.6","16","106575","False","100","3.1",
"566","75968","Temperature - 75968","8/18/2015 9:44:01 PM","76.82","76.8? F","100","24.9","16","106575","False","97","3.09",
"567","75994","Open / Closed - 75994","8/18/2015 9:45:19 PM","0","Open","100","False","2","106575","False","100","3.13",
"568","75981","Temperature - 75981","8/18/2015 9:46:00 PM","76.28","76.3? F","100","24.6","16","106575","False","100","3.1",
"569","75968","Temperature - 75968","8/18/2015 9:46:01 PM","76.82","76.8? F","100","24.9","16","106575","False","97","3.1",
"570","75994","Open / Closed - 75994","8/18/2015 9:47:19 PM","0","Open","100","False","2","106575","False","100","3.12",
"571","75968","Temperature - 75968","8/18/2015 9:47:59 PM","76.82","76.8? F","100","24.9","16","106575","False","97","3.09",
"572","75981","Temperature - 75981","8/18/2015 9:48:01 PM","76.28","76.3? F","100","24.6","16","106575","False","100","3.11",
"573","75994","Open / Closed - 75994","8/18/2015 9:49:19 PM","0","Open","100","False","2","106575","False","100","3.12",
"574","75981","Temperature - 75981","8/18/2015 9:50:00 PM","76.1","76.1? F","100","24.5","16","106575","False","100","3.1",
"575","75968","Temperature - 75968","8/18/2015 9:50:00 PM","76.82","76.8? F","100","24.9","16","106575","False","97","3.08",
"576","75994","Open / Closed - 75994","8/18/2015 9:51:19 PM","0","Open","100","False","2","106575","False","100","3.11",
"577","75981","Temperature - 75981","8/18/2015 9:51:58 PM","76.28","76.3? F","100","24.6","16","106575","False","100","3.11",
"578","75968","Temperature - 75968","8/18/2015 9:52:00 PM","76.82","76.8? F","100","24.9","16","106575","False","97","3.08",
"579","75994","Open / Closed - 75994","8/18/2015 9:53:19 PM","0","Open","100","False","2","106575","False","100","3.11",
"580","75968","Temperature - 75968","8/18/2015 9:54:00 PM","76.82","76.8? F","100","24.9","16","106575","False","97","3.08",
"581","75981","Temperature - 75981","8/18/2015 9:54:01 PM","76.28","76.3? F","100","24.6","16","106575","False","100","3.11",
"582","75994","Open / Closed - 75994","8/18/2015 9:55:19 PM","0","Open","100","False","2","106575","False","100","3.12",
"583","75981","Temperature - 75981","8/18/2015 9:55:59 PM","76.28","76.3? F","100","24.6","16","106575","False","100","3.11",
"584","75968","Temperature - 75968","8/18/2015 9:56:01 PM","76.82","76.8? F","100","24.9","16","106575","False","97","3.07",
"585","75994","Open / Closed - 75994","8/18/2015 9:57:19 PM","0","Open","100","False","2","106575","False","100","3.12",
"586","75981","Temperature - 75981","8/18/2015 9:57:58 PM","76.28","76.3? F","100","24.6","16","106575","False","100","3.11",
"587","75968","Temperature - 75968","8/18/2015 9:57:59 PM","76.82","76.8? F","100","24.9","16","106575","False","97","3.09",
"588","75994","Open / Closed - 75994","8/18/2015 9:59:19 PM","0","Open","100","False","2","106575","False","100","3.12",
"589","75981","Temperature - 75981","8/18/2015 9:59:59 PM","76.1","76.1? F","100","24.5","16","106575","False","100","3.11",
"590","75968","Temperature - 75968","8/18/2015 9:59:59 PM","76.82","76.8? F","100","24.9","16","106575","False","97","3.09",
"591","75994","Open / Closed - 75994","8/18/2015 10:01:19 PM","0","Open","100","False","2","106575","False","100","3.12",
"592","75981","Temperature - 75981","8/18/2015 10:02:01 PM","76.28","76.3? F","100","24.6","16","106575","False","100","3.1",
"593","75968","Temperature - 75968","8/18/2015 10:02:01 PM","76.82","76.8? F","100","24.9","16","106575","False","96","3.08",
"594","75994","Open / Closed - 75994","8/18/2015 10:03:19 PM","0","Open","100","False","2","106575","False","100","3.12",
"595","75981","Temperature - 75981","8/18/2015 10:04:00 PM","76.28","76.3? F","100","24.6","16","106575","False","100","3.1",
"596","75968","Temperature - 75968","8/18/2015 10:04:01 PM","77","77? F","100","25","16","106575","False","97","3.07",
"597","75994","Open / Closed - 75994","8/18/2015 10:05:19 PM","0","Open","100","False","2","106575","False","100","3.12",
"598","75981","Temperature - 75981","8/18/2015 10:06:01 PM","76.28","76.3? F","100","24.6","16","106575","False","100","3.11",
"599","75968","Temperature - 75968","8/18/2015 10:06:01 PM","76.82","76.8? F","100","24.9","16","106575","False","97","3.08",
"600","75994","Open / Closed - 75994","8/18/2015 10:07:19 PM","0","Open","100","False","2","106575","False","100","3.11",
"601","75968","Temperature - 75968","8/18/2015 10:07:59 PM","76.82","76.8? F","100","24.9","16","106575","False","97","3.1",
"602","75981","Temperature - 75981","8/18/2015 10:08:01 PM","76.28","76.3? F","100","24.6","16","106575","False","100","3.09",
"603","75994","Open / Closed - 75994","8/18/2015 10:09:19 PM","0","Open","100","False","2","106575","False","100","3.12",
"604","75968","Temperature - 75968","8/18/2015 10:09:58 PM","76.82","76.8? F","100","24.9","16","106575","False","97","3.1",
"605","75981","Temperature - 75981","8/18/2015 10:10:01 PM","76.1","76.1? F","100","24.5","16","106575","False","100","3.11",
"606","75994","Open / Closed - 75994","8/18/2015 10:11:19 PM","0","Open","100","False","2","106575","False","100","3.12",
"607","75968","Temperature - 75968","8/18/2015 10:11:59 PM","77","77? F","100","25","16","106575","False","97","3.09",
"608","75981","Temperature - 75981","8/18/2015 10:12:01 PM","76.28","76.3? F","100","24.6","16","106575","False","100","3.1",
"609","75994","Open / Closed - 75994","8/18/2015 10:13:19 PM","0","Open","100","False","2","106575","False","100","3.12",
"610","75968","Temperature - 75968","8/18/2015 10:13:59 PM","77","77? F","100","25","16","106575","False","97","3.09",
"611","75981","Temperature - 75981","8/18/2015 10:13:59 PM","76.28","76.3? F","100","24.6","16","106575","False","100","3.1",
"612","75994","Open / Closed - 75994","8/18/2015 10:15:19 PM","0","Open","100","False","2","106575","False","100","3.11",
"613","75981","Temperature - 75981","8/18/2015 10:15:59 PM","76.28","76.3? F","100","24.6","16","106575","False","100","3.1",
"614","75968","Temperature - 75968","8/18/2015 10:16:00 PM","77","77? F","100","25","16","106575","False","97","3.09",
"615","75994","Open / Closed - 75994","8/18/2015 10:17:19 PM","0","Open","100","False","2","106575","False","100","3.12",
"616","75968","Temperature - 75968","8/18/2015 10:17:59 PM","77","77? F","100","25","16","106575","False","97","3.08",
"617","75981","Temperature - 75981","8/18/2015 10:18:01 PM","76.28","76.3? F","100","24.6","16","106575","False","100","3.09",
"618","75994","Open / Closed - 75994","8/18/2015 10:19:19 PM","0","Open","100","False","2","106575","False","100","3.13",
"619","75968","Temperature - 75968","8/18/2015 10:19:59 PM","77","77? F","100","25","16","106575","False","97","3.08",
"620","75981","Temperature - 75981","8/18/2015 10:20:00 PM","76.28","76.3? F","100","24.6","16","106575","False","100","3.11",
"621","75994","Open / Closed - 75994","8/18/2015 10:21:19 PM","0","Open","100","False","2","106575","False","100","3.12",
"622","75968","Temperature - 75968","8/18/2015 10:22:00 PM","77","77? F","100","25","16","106575","False","97","3.09",
"623","75981","Temperature - 75981","8/18/2015 10:22:01 PM","76.28","76.3? F","100","24.6","16","106575","False","100","3.1",
"624","75994","Open / Closed - 75994","8/18/2015 10:23:19 PM","0","Open","100","False","2","106575","False","100","3.12",
"625","75968","Temperature - 75968","8/18/2015 10:24:01 PM","77","77? F","100","25","16","106575","False","97","3.09",
"626","75981","Temperature - 75981","8/18/2015 10:24:01 PM","76.28","76.3? F","100","24.6","16","106575","False","100","3.11",
"627","75994","Open / Closed - 75994","8/18/2015 10:25:19 PM","0","Open","100","False","2","106575","False","100","3.12",
"628","75968","Temperature - 75968","8/18/2015 10:25:59 PM","77","77? F","100","25","16","106575","False","97","3.08",
"629","75981","Temperature - 75981","8/18/2015 10:26:01 PM","76.28","76.3? F","100","24.6","16","106575","False","100","3.1",
"630","75994","Open / Closed - 75994","8/18/2015 10:27:19 PM","0","Open","100","False","2","106575","False","100","3.12",
"631","75981","Temperature - 75981","8/18/2015 10:27:58 PM","76.28","76.3? F","100","24.6","16","106575","False","100","3.1",
"632","75968","Temperature - 75968","8/18/2015 10:27:59 PM","77","77? F","100","25","16","106575","False","97","3.09",
"633","75994","Open / Closed - 75994","8/18/2015 10:29:19 PM","0","Open","100","False","2","106575","False","100","3.11",
"634","75981","Temperature - 75981","8/18/2015 10:29:59 PM","76.28","76.3? F","100","24.6","16","106575","False","100","3.09",
"635","75968","Temperature - 75968","8/18/2015 10:30:00 PM","77","77? F","100","25","16","106575","False","97","3.08",
"636","75994","Open / Closed - 75994","8/18/2015 10:31:19 PM","0","Open","100","False","2","106575","False","100","3.12",
"637","75968","Temperature - 75968","8/18/2015 10:31:59 PM","77","77? F","100","25","16","106575","False","97","3.08",
"638","75981","Temperature - 75981","8/18/2015 10:31:59 PM","76.28","76.3? F","100","24.6","16","106575","False","100","3.11",
"639","75994","Open / Closed - 75994","8/18/2015 10:33:19 PM","0","Open","100","False","2","106575","False","100","3.13",
"640","75968","Temperature - 75968","8/18/2015 10:34:00 PM","77","77? F","100","25","16","106575","False","97","3.09",
"641","75981","Temperature - 75981","8/18/2015 10:34:01 PM","76.28","76.3? F","100","24.6","16","106575","False","100","3.11",
"642","75994","Open / Closed - 75994","8/18/2015 10:35:19 PM","0","Open","100","False","2","106575","False","100","3.12",
"643","75981","Temperature - 75981","8/18/2015 10:35:59 PM","76.28","76.3? F","100","24.6","16","106575","False","100","3.1",
"644","75968","Temperature - 75968","8/18/2015 10:36:01 PM","77","77? F","100","25","16","106575","False","97","3.07",
"645","75994","Open / Closed - 75994","8/18/2015 10:37:19 PM","0","Open","100","False","2","106575","False","100","3.12",
"646","75968","Temperature - 75968","8/18/2015 10:38:00 PM","77","77? F","100","25","16","106575","False","97","3.08",
"647","75981","Temperature - 75981","8/18/2015 10:38:01 PM","76.28","76.3? F","100","24.6","16","106575","False","100","3.11",
"648","75994","Open / Closed - 75994","8/18/2015 10:39:19 PM","0","Open","100","False","2","106575","False","100","3.11",
"649","75981","Temperature - 75981","8/18/2015 10:39:59 PM","76.28","76.3? F","100","24.6","16","106575","False","100","3.11",
"650","75968","Temperature - 75968","8/18/2015 10:40:01 PM","77","77? F","100","25","16","106575","False","97","3.08",
"651","75994","Open / Closed - 75994","8/18/2015 10:41:20 PM","0","Open","100","False","2","106575","False","100","3.11",
"652","75981","Temperature - 75981","8/18/2015 10:41:58 PM","76.28","76.3? F","100","24.6","16","106575","False","100","3.1",
"653","75968","Temperature - 75968","8/18/2015 10:41:59 PM","77","77? F","100","25","16","106575","False","97","3.09",
"654","75994","Open / Closed - 75994","8/18/2015 10:43:20 PM","0","Open","100","False","2","106575","False","100","3.11",
"655","75981","Temperature - 75981","8/18/2015 10:43:59 PM","76.46","76.5? F","100","24.7","16","106575","False","100","3.1",
"656","75968","Temperature - 75968","8/18/2015 10:44:01 PM","77","77? F","100","25","16","106575","False","97","3.07",
"657","75994","Open / Closed - 75994","8/18/2015 10:45:20 PM","0","Open","100","False","2","106575","False","100","3.12",
"658","75981","Temperature - 75981","8/18/2015 10:46:00 PM","76.28","76.3? F","100","24.6","16","106575","False","100","3.11",
"659","75968","Temperature - 75968","8/18/2015 10:46:01 PM","77","77? F","100","25","16","106575","False","100","3.08",
"660","75994","Open / Closed - 75994","8/18/2015 10:47:20 PM","0","Open","100","False","2","106575","False","100","3.12",
"661","75981","Temperature - 75981","8/18/2015 10:48:00 PM","76.28","76.3? F","100","24.6","16","106575","False","100","3.1",
"662","75968","Temperature - 75968","8/18/2015 10:48:00 PM","77","77? F","100","25","16","106575","False","97","3.08",
"663","75994","Open / Closed - 75994","8/18/2015 10:49:20 PM","0","Open","100","False","2","106575","False","100","3.12",
"664","75968","Temperature - 75968","8/18/2015 10:50:00 PM","77","77? F","100","25","16","106575","False","97","3.09",
"665","75981","Temperature - 75981","8/18/2015 10:50:01 PM","76.28","76.3? F","100","24.6","16","106575","False","100","3.11",
"666","75994","Open / Closed - 75994","8/18/2015 10:51:20 PM","0","Open","100","False","2","106575","False","100","3.11",
"667","75968","Temperature - 75968","8/18/2015 10:51:59 PM","77","77? F","100","25","16","106575","False","97","3.1",
"668","75981","Temperature - 75981","8/18/2015 10:51:59 PM","76.28","76.3? F","100","24.6","16","106575","False","100","3.1",
"669","75994","Open / Closed - 75994","8/18/2015 10:53:20 PM","0","Open","100","False","2","106575","False","100","3.11",
"670","75968","Temperature - 75968","8/18/2015 10:53:58 PM","77","77? F","100","25","16","106575","False","97","3.08",
"671","75981","Temperature - 75981","8/18/2015 10:54:01 PM","76.46","76.5? F","100","24.7","16","106575","False","100","3.09",
"672","75994","Open / Closed - 75994","8/18/2015 10:55:20 PM","0","Open","100","False","2","106575","False","100","3.11",
"673","75981","Temperature - 75981","8/18/2015 10:55:58 PM","76.28","76.3? F","100","24.6","16","106575","False","100","3.11",
"674","75968","Temperature - 75968","8/18/2015 10:55:59 PM","77","77? F","100","25","16","106575","False","97","3.09",
"675","75994","Open / Closed - 75994","8/18/2015 10:57:20 PM","0","Open","100","False","2","106575","False","100","3.1",
"676","75968","Temperature - 75968","8/18/2015 10:58:00 PM","77","77? F","100","25","16","106575","False","97","3.08",
"677","75981","Temperature - 75981","8/18/2015 10:58:01 PM","76.28","76.3? F","100","24.6","16","106575","False","100","3.1",
"678","75994","Open / Closed - 75994","8/18/2015 10:59:20 PM","0","Open","100","False","2","106575","False","100","3.12",
"679","75981","Temperature - 75981","8/18/2015 10:59:58 PM","76.46","76.5? F","100","24.7","16","106575","False","100","3.11",
"680","75968","Temperature - 75968","8/18/2015 10:59:59 PM","77","77? F","100","25","16","106575","False","100","3.08",
"681","75994","Open / Closed - 75994","8/18/2015 11:01:20 PM","0","Open","100","False","2","106575","False","100","3.12",
"682","75981","Temperature - 75981","8/18/2015 11:01:58 PM","76.46","76.5? F","100","24.7","16","106575","False","100","3.1",
"683","75968","Temperature - 75968","8/18/2015 11:02:00 PM","77","77? F","100","25","16","106575","False","97","3.09",
"684","75994","Open / Closed - 75994","8/18/2015 11:03:20 PM","0","Open","100","False","2","106575","False","100","3.11",
"685","75968","Temperature - 75968","8/18/2015 11:03:59 PM","77","77? F","100","25","16","106575","False","97","3.09",
"686","75981","Temperature - 75981","8/18/2015 11:04:00 PM","76.46","76.5? F","100","24.7","16","106575","False","100","3.11",
"687","75994","Open / Closed - 75994","8/18/2015 11:05:20 PM","0","Open","100","False","2","106575","False","100","3.12",
"688","75981","Temperature - 75981","8/18/2015 11:05:58 PM","76.46","76.5? F","100","24.7","16","106575","False","100","3.11",
"689","75968","Temperature - 75968","8/18/2015 11:06:01 PM","77","77? F","100","25","16","106575","False","100","3.08",
"690","75994","Open / Closed - 75994","8/18/2015 11:07:20 PM","0","Open","100","False","2","106575","False","100","3.11",
"691","75968","Temperature - 75968","8/18/2015 11:07:59 PM","77","77? F","100","25","16","106575","False","97","3.09",
"692","75981","Temperature - 75981","8/18/2015 11:08:01 PM","76.28","76.3? F","100","24.6","16","106575","False","100","3.11",
"693","75994","Open / Closed - 75994","8/18/2015 11:09:20 PM","0","Open","100","False","2","106575","False","100","3.11",
"694","75968","Temperature - 75968","8/18/2015 11:10:00 PM","77","77? F","100","25","16","106575","False","97","3.09",
"695","75981","Temperature - 75981","8/18/2015 11:10:00 PM","76.46","76.5? F","100","24.7","16","106575","False","100","3.1",
"696","75994","Open / Closed - 75994","8/18/2015 11:11:20 PM","0","Open","100","False","2","106575","False","100","3.11",
"697","75968","Temperature - 75968","8/18/2015 11:11:59 PM","77","77? F","100","25","16","106575","False","97","3.08",
"698","75981","Temperature - 75981","8/18/2015 11:12:00 PM","76.28","76.3? F","100","24.6","16","106575","False","100","3.11",
"699","75994","Open / Closed - 75994","8/18/2015 11:13:20 PM","0","Open","100","False","2","106575","False","100","3.12",
"700","75968","Temperature - 75968","8/18/2015 11:13:58 PM","77","77? F","100","25","16","106575","False","97","3.08",
"701","75981","Temperature - 75981","8/18/2015 11:13:59 PM","76.46","76.5? F","100","24.7","16","106575","False","100","3.1",
"702","75994","Open / Closed - 75994","8/18/2015 11:15:20 PM","0","Open","100","False","2","106575","False","100","3.11",
"703","75968","Temperature - 75968","8/18/2015 11:15:59 PM","77","77? F","100","25","16","106575","False","97","3.08",
"704","75981","Temperature - 75981","8/18/2015 11:16:00 PM","76.46","76.5? F","100","24.7","16","106575","False","100","3.1",
"705","75994","Open / Closed - 75994","8/18/2015 11:17:20 PM","0","Open","100","False","2","106575","False","100","3.11",
"706","75981","Temperature - 75981","8/18/2015 11:17:58 PM","76.28","76.3? F","100","24.6","16","106575","False","100","3.11",
"707","75968","Temperature - 75968","8/18/2015 11:18:00 PM","77","77? F","100","25","16","106575","False","97","3.09",
"708","75994","Open / Closed - 75994","8/18/2015 11:19:20 PM","0","Open","100","False","2","106575","False","100","3.12",
"709","75968","Temperature - 75968","8/18/2015 11:20:01 PM","77","77? F","100","25","16","106575","False","97","3.08",
"710","75981","Temperature - 75981","8/18/2015 11:20:01 PM","76.46","76.5? F","100","24.7","16","106575","False","100","3.1",
"711","75994","Open / Closed - 75994","8/18/2015 11:21:20 PM","0","Open","100","False","2","106575","False","100","3.11",
"712","75968","Temperature - 75968","8/18/2015 11:22:00 PM","77","77? F","100","25","16","106575","False","97","3.08",
"713","75981","Temperature - 75981","8/18/2015 11:22:01 PM","76.46","76.5? F","100","24.7","16","106575","False","100","3.11",
"714","75994","Open / Closed - 75994","8/18/2015 11:23:21 PM","0","Open","100","False","2","106575","False","100","3.11",
"715","75968","Temperature - 75968","8/18/2015 11:24:00 PM","77","77? F","100","25","16","106575","False","97","3.09",
"716","75981","Temperature - 75981","8/18/2015 11:24:01 PM","76.46","76.5? F","100","24.7","16","106575","False","100","3.1",
"717","75994","Open / Closed - 75994","8/18/2015 11:25:21 PM","0","Open","100","False","2","106575","False","100","3.11",
"718","75968","Temperature - 75968","8/18/2015 11:25:59 PM","77","77? F","100","25","16","106575","False","100","3.09",
"719","75981","Temperature - 75981","8/18/2015 11:26:00 PM","76.46","76.5? F","100","24.7","16","106575","False","100","3.09",
"720","75994","Open / Closed - 75994","8/18/2015 11:27:21 PM","0","Open","100","False","2","106575","False","100","3.11",
"721","75981","Temperature - 75981","8/18/2015 11:28:00 PM","76.28","76.3? F","100","24.6","16","106575","False","100","3.11",
"722","75968","Temperature - 75968","8/18/2015 11:28:00 PM","77","77? F","100","25","16","106575","False","97","3.09",
"723","75994","Open / Closed - 75994","8/18/2015 11:29:21 PM","0","Open","100","False","2","106575","False","100","3.11",
"724","75981","Temperature - 75981","8/18/2015 11:29:59 PM","76.46","76.5? F","100","24.7","16","106575","False","100","3.1",
"725","75968","Temperature - 75968","8/18/2015 11:29:59 PM","77","77? F","100","25","16","106575","False","97","3.09",
"726","75994","Open / Closed - 75994","8/18/2015 11:31:21 PM","0","Open","100","False","2","106575","False","100","3.12",
"727","75968","Temperature - 75968","8/18/2015 11:31:58 PM","77","77? F","100","25","16","106575","False","97","3.09",
"728","75981","Temperature - 75981","8/18/2015 11:32:00 PM","76.46","76.5? F","100","24.7","16","106575","False","100","3.1",
"729","75994","Open / Closed - 75994","8/18/2015 11:33:21 PM","0","Open","100","False","2","106575","False","100","3.11",
"730","75981","Temperature - 75981","8/18/2015 11:33:59 PM","76.28","76.3? F","100","24.6","16","106575","False","100","3.1",
"731","75968","Temperature - 75968","8/18/2015 11:34:00 PM","77","77? F","100","25","16","106575","False","97","3.09",
"732","75994","Open / Closed - 75994","8/18/2015 11:35:21 PM","0","Open","100","False","2","106575","False","100","3.11",
"733","75981","Temperature - 75981","8/18/2015 11:35:58 PM","76.28","76.3? F","100","24.6","16","106575","False","100","3.1",
"734","75968","Temperature - 75968","8/18/2015 11:35:58 PM","77","77? F","100","25","16","106575","False","97","3.08",
"735","75994","Open / Closed - 75994","8/18/2015 11:37:21 PM","0","Open","100","False","2","106575","False","100","3.11",
"736","75981","Temperature - 75981","8/18/2015 11:38:00 PM","76.28","76.3? F","100","24.6","16","106575","False","100","3.1",
"737","75968","Temperature - 75968","8/18/2015 11:38:01 PM","77","77? F","100","25","16","106575","False","97","3.08",
"738","75994","Open / Closed - 75994","8/18/2015 11:39:21 PM","0","Open","100","False","2","106575","False","100","3.12",
"739","75968","Temperature - 75968","8/18/2015 11:40:00 PM","77","77? F","100","25","16","106575","False","97","3.09",
"740","75981","Temperature - 75981","8/18/2015 11:40:01 PM","76.28","76.3? F","100","24.6","16","106575","False","100","3.1",
"741","75994","Open / Closed - 75994","8/18/2015 11:41:21 PM","0","Open","100","False","2","106575","False","100","3.11",
"742","75981","Temperature - 75981","8/18/2015 11:41:58 PM","76.28","76.3? F","100","24.6","16","106575","False","100","3.11",
"743","75968","Temperature - 75968","8/18/2015 11:41:59 PM","77","77? F","100","25","16","106575","False","97","3.09",
"744","75994","Open / Closed - 75994","8/18/2015 11:43:21 PM","0","Open","100","False","2","106575","False","100","3.11",
"745","75981","Temperature - 75981","8/18/2015 11:44:01 PM","76.28","76.3? F","100","24.6","16","106575","False","100","3.1",
"746","75968","Temperature - 75968","8/18/2015 11:44:01 PM","77","77? F","100","25","16","106575","False","97","3.07",
"747","75994","Open / Closed - 75994","8/18/2015 11:45:21 PM","0","Open","100","False","2","106575","False","100","3.1",
"748","75968","Temperature - 75968","8/18/2015 11:45:59 PM","77","77? F","100","25","16","106575","False","97","3.08",
"749","75981","Temperature - 75981","8/18/2015 11:46:00 PM","76.28","76.3? F","100","24.6","16","106575","False","100","3.1",
"750","75994","Open / Closed - 75994","8/18/2015 11:47:21 PM","0","Open","100","False","2","106575","False","100","3.11",
"751","75981","Temperature - 75981","8/18/2015 11:47:58 PM","76.28","76.3? F","100","24.6","16","106575","False","100","3.09",
"752","75968","Temperature - 75968","8/18/2015 11:47:58 PM","77","77? F","100","25","16","106575","False","97","3.08",
"753","75994","Open / Closed - 75994","8/18/2015 11:49:21 PM","0","Open","100","False","2","106575","False","100","3.12",
"754","75968","Temperature - 75968","8/18/2015 11:49:58 PM","77","77? F","100","25","16","106575","False","96","3.08",
"755","75981","Temperature - 75981","8/18/2015 11:50:00 PM","76.28","76.3? F","100","24.6","16","106575","False","100","3.1",
"756","75994","Open / Closed - 75994","8/18/2015 11:51:21 PM","0","Open","100","False","2","106575","False","100","3.11",
"757","75968","Temperature - 75968","8/18/2015 11:51:59 PM","77","77? F","100","25","16","106575","False","96","3.08",
"758","75981","Temperature - 75981","8/18/2015 11:52:00 PM","76.28","76.3? F","100","24.6","16","106575","False","100","3.11",
"759","75994","Open / Closed - 75994","8/18/2015 11:53:21 PM","0","Open","100","False","2","106575","False","100","3.12",
"760","75968","Temperature - 75968","8/18/2015 11:54:01 PM","77","77? F","100","25","16","106575","False","97","3.07",
"761","75981","Temperature - 75981","8/18/2015 11:54:01 PM","76.28","76.3? F","100","24.6","16","106575","False","100","3.1",
"762","75994","Open / Closed - 75994","8/18/2015 11:55:21 PM","0","Open","100","False","2","106575","False","100","3.11",
"763","75981","Temperature - 75981","8/18/2015 11:56:00 PM","76.28","76.3? F","100","24.6","16","106575","False","100","3.11",
"764","75968","Temperature - 75968","8/18/2015 11:56:01 PM","77","77? F","100","25","16","106575","False","97","3.09",
"765","75994","Open / Closed - 75994","8/18/2015 11:57:21 PM","0","Open","100","False","2","106575","False","100","3.11",
"766","75981","Temperature - 75981","8/18/2015 11:57:58 PM","76.28","76.3? F","100","24.6","16","106575","False","100","3.1",
"767","75968","Temperature - 75968","8/18/2015 11:58:00 PM","77","77? F","100","25","16","106575","False","97","3.09",
"768","75994","Open / Closed - 75994","8/18/2015 11:59:21 PM","0","Open","100","False","2","106575","False","100","3.12",
